time,httpCalls,serverTime,importTime,exportTime;
1.552996944,2,0.8219938824999999,6.425976753234863,3.5762786865234375E-4;
2.412063191,3,0.7827611786666665,3.4999052683512373,0.11547406514485678;
92.183900682,123,0.5872840061056908,2.9752254486083975,1.205698261416055;
1.298738599,4,0.29005980225,3.0710697174072266,0.09006261825561523;
0.832514387,2,0.516732764,5.114912986755371,2.384185791015625E-4;
;
82.026878761,107,0.6964855477757012,2.0274848581474516,0.6064098572062556;
1.859112414,3,0.635000559,2.6617844899495444,0.059207280476888016;
230.901286612,66,0.6887454732272729,2.0872065515229186,0.6406415592540396;
0.964405559,3,0.256378491,2.5808016459147134,0.06651878356933594;
1.901262513,3,0.6359381949999999,3.5542647043863935,0.10355313618977866;
2.555012058,3,0.8575122420000001,3.43020757039388,0.10466575622558594;
2.474882275,9,0.15499104900000002,1.5813509623209636,0.10090404086642794;
0.788203362,2,0.412513969,3.5572052001953125,1.1920928955078125E-4;
0.733393218,2,0.369891891,3.3631324768066406,4.76837158203125E-4;
0.806724559,2,0.4936671325,4.312038421630859,3.5762786865234375E-4;
1.224070895,2,0.695819722,6.599545478820801,3.5762786865234375E-4;
2.495942672,9,0.15007221822222225,1.3936360677083333,0.10283788045247395;
2.41682173,3,0.841038531,3.4669240315755205,0.10514259338378906;
1.907071304,3,0.6544295403333333,2.6690165201822915,0.0591278076171875;
0.790593394,2,0.40434775850000004,3.544449806213379,3.5762786865234375E-4;
150.59689145,197,0.6855099733502535,2.2351850712964985,0.615504792499058;
1.425061716,2,0.7795011015,6.466031074523926,2.384185791015625E-4;
0.816970939,3,0.25334354066666664,2.4693806966145835,0.06477038065592447;
0.453882114,1,0.24090116350000002,2.9408931732177734,2.384185791015625E-4;
1.855585233,4,0.3747538295,5.130171775817871,0.438690185546875;
5.407302325,13,0.1691785914615385,1.5662633455716648,0.15664100646972653;
3.316533761,10,0.22143472520000002,1.7222166061401367,0.15108585357666018;
0.432798532,2,0.25739273799999995,2.9659271240234375,4.76837158203125E-4;
0.57493993,2,0.345271962,4.19461727142334,2.384185791015625E-4;
3.186622937,10,0.22065227599999998,1.7121076583862305,0.1455068588256836;
0.441683673,2,0.2588563585,3.4695863723754883,3.5762786865234375E-4;
2.049333714,3,0.6758832626666668,3.4656524658203125,0.10625521341959634;
0.844044542,3,0.24840819733333336,2.594153086344401,0.06810824076334634;
0.551617789,2,0.38013562700000003,3.923654556274414,2.384185791015625E-4;
1.485600036,6,0.1444902975,1.5867153803507488,0.08646647135416667;
2.257313221,4,0.47954861375,5.415737628936768,0.4443526268005371;
1.913027821,3,0.656621083,2.5809605916341147,0.0591278076171875;
1.586397562,5,0.22447382560000004,2.3291587829589844,0.10709762573242188;
;
;
1.555495514,2,1.3722908215,949.3563175201416,2.384185791015625E-4;
2.230628197,4,0.507077631,187.98202276229858,0.1304149627685547;
0.795793759,2,0.41014431100000004,3.9603710174560547,2.384185791015625E-4;
;
1.927857968,3,0.8800108236666666,238.04362614949542,0.10546048482259116;
6.57399449,14,0.2656244475,1.532094819205148,0.16031946454729357;
3.28528763,10,0.22729212699999998,1.8129825592041016,0.14476776123046875;
0.469750561,2,0.28433448250000004,5.289554595947266,3.5762786865234375E-4;
80.942571438,107,0.6838387205700938,1.9836871423453937,0.6087227402446426;
3.228586562,10,0.2186382908,1.40078862508138,0.18011199103461373;
1.84581798,3,0.633044106,2.51007080078125,0.06794929504394531;
2.469370788,4,0.4853954165,5.758702754974365,0.4754066467285156;
0.781952551,2,0.40712259549999996,3.3898353576660156,2.384185791015625E-4;
97.553712182,128,0.6793450263515629,2.016818150877954,0.6161592900753022;
2.133562128,6,0.2508964845,4.333058993021647,0.6058613459269205;
1.127305541,2,0.6495637745,6.291389465332031,2.384185791015625E-4;
0.597038108,2,0.3315645505,4.059910774230957,2.384185791015625E-4;
;
2.244689012,2,1.211991599,363.67499828338623,4.76837158203125E-4;
1.155261387,2,0.651357322,8.077144622802734,3.5762786865234375E-4;
0.872496919,2,0.4495425835,3.3767223358154297,2.384185791015625E-4;
90.599080403,123,0.578996511796748,2.6491928875930917,1.1913001052732395;
1.613782237,7,0.1289652587142857,1.5327930450439453,0.09717260088239396;
1.443071001,2,1.0672131715000002,667.8413152694702,2.384185791015625E-4;
1.960485598,3,0.652165586,3.3936500549316406,0.10553995768229166;
1.381566213,2,0.7572546005,6.52921199798584,2.384185791015625E-4;
1.652765208,3,0.5703306726666667,3.8306713104248047,0.10275840759277344;
0.795316876,2,0.4059695585,3.537893295288086,2.384185791015625E-4;
0.799706157,2,0.419776041,4.964470863342285,2.384185791015625E-4;
0.564758806,2,0.3772814295,3.958463668823242,3.5762786865234375E-4;
1.458843458,3,0.420147061,6.202379862467447,0.2893606821695963;
1.908797267,2,1.114805861,7.021427154541016,3.5762786865234375E-4;
2.374242463,3,0.7918071329999999,3.3558209737141924,0.11920928955078125;
1.096576809,2,0.614581356,6.807804107666016,3.5762786865234375E-4;
2.572327638,3,0.8248223526666667,3.71249516805013,0.11833508809407553;
3.86200646,11,0.22069346418181818,1.5477267178622158,0.14545700766823508;
2.452329441,7,0.33372268014285705,196.99924332754952,0.16951560974121094;
;
81.433742239,107,0.6918193913457943,7.928580881279204,0.6098880946079146;
0.4292426,2,0.251972564,3.8013458251953125,2.384185791015625E-4;
;
0.59287747,2,0.329266359,4.429936408996582,3.5762786865234375E-4;
0.441121639,2,0.2522731265,3.8793087005615234,3.5762786865234375E-4;
7.023054198,14,0.24836176171428578,1.4695269720894948,0.162959098815918;
1.413935522,2,0.8173625165,6.927371025085449,3.5762786865234375E-4;
;
1.138504838,2,0.620420839,6.448268890380859,2.384185791015625E-4;
0.621334474,2,0.3688718005,5.080580711364746,2.384185791015625E-4;
1.36951541,2,0.8068132745000001,6.951689720153809,2.384185791015625E-4;
0.734708587,3,0.24523182666666668,2.5502840677897134,0.06564458211263022;
1.454454151,2,0.8119657995,7.5092315673828125,4.76837158203125E-4;
3.007384353,6,0.3922659795,4.0289560953776045,0.5913575490315756;
0.594309296,2,0.35646214200000004,3.917694091796875,2.384185791015625E-4;
111.583974832,147,0.6810530036802717,1.9688314321089773,0.6098860786074681;
0.419475158,2,0.247754909,4.818916320800781,4.76837158203125E-4;
0.569382063,2,0.3216693585,4.136800765991211,3.5762786865234375E-4;
91.024335508,123,0.5778329454390245,2.776694491626769,1.1809744485994655;
2.12164861,3,0.7335710063333334,2.7649402618408203,0.061909357706705734;
1.234975672,2,0.7358016465,7.897138595581055,2.384185791015625E-4;
2.560289949,3,0.8460945836666666,3.4346580505371094,0.09926160176595053;
1.106761528,2,0.6302786965,7.102489471435547,2.384185791015625E-4;
142.868074997,100,1.3074294480099995,2.6561999320983882,1.1750316619873047;
0.445700059,2,0.25830357,3.7665367126464844,2.384185791015625E-4;
2.240382711,6,0.27120018183333333,4.50289249420166,0.6059805552164713;
;
;
0.787881689,2,0.3798643285,4.305839538574219,1.1920928955078125E-4;
1.371482474,2,0.745249153,6.446719169616699,2.384185791015625E-4;
1.203101049,2,0.6770290665,6.94882869720459,2.384185791015625E-4;
2.114211129,5,0.3396857876,4.308509826660156,0.5373001098632812;
154.935003392,137,0.9780583640875915,2.5315806813483697,1.1746048057166332;
0.597494408,2,0.3453683915,4.2629241943359375,2.384185791015625E-4;
0.574082579,2,0.320184618,3.972172737121582,3.5762786865234375E-4;
5.825080981,9,0.573429987888889,1.5292167663574219,0.2691745758056641;
2.510249695,3,0.8341602983333334,5.8371225992838545,0.29277801513671875;
3.728390891,9,0.23801668911111115,1.6956859164767795,0.1526143815782335;
1.489966041,2,0.817459268,6.7681074142456055,3.5762786865234375E-4;
2.685269509,3,0.9081750476666666,3.6029020945231123,0.10426839192708334;
1.11385974,2,0.6533824880000001,6.783127784729004,1.1920928955078125E-4;
;
2.271656484,5,0.33981255299999996,4.664897918701172,0.5369663238525391;
2.170519661,6,0.2575373461666667,4.37617301940918,0.6052255630493164;
0.439127799,2,0.27506564899999997,2.944469451904297,2.384185791015625E-4;
0.711992076,2,0.3766185565,3.520369529724121,2.384185791015625E-4;
0.435123666,2,0.23992687099999999,3.422379493713379,2.384185791015625E-4;
33.194205502,30,0.10879826680000002,1.1830494321625808,0.2240723577038995;
0.432742963,2,0.2559543695,3.8454532623291016,2.384185791015625E-4;
2.436184714,3,0.8168825200000001,3.7361780802408857,0.10410944620768228;
1.403868482,6,0.14587115266666667,1.548171043395996,0.08849302927652995;
1.947852273,3,0.6584221383333334,2.741734186808268,0.06262461344401042;
0.784044174,2,0.404009556,3.893256187438965,8.344650268554688E-4;
1.49812114,4,0.3261362415,5.531668663024902,0.4329085350036621;
1.266177981,2,0.7286479299999999,7.117033004760742,4.76837158203125E-4;
0.755796643,2,0.3878693815,3.639101982116699,2.384185791015625E-4;
1.716314062,2,1.01810833,7.072925567626953,2.384185791015625E-4;
2.152972129,5,0.353883032,4.547023773193359,0.5423069000244141;
4.641633158,13,0.16992196546153845,1.5003681182861326,0.15548559335561898;
0.434156302,2,0.2650177295,4.2923688888549805,3.5762786865234375E-4;
1.69768325,3,0.5725166966666666,3.3464431762695312,0.10514259338378906;
3.638161824,10,0.23783462519999995,1.663351058959961,0.1428842544555664;
1.948037007,3,0.6702362749999999,3.8437843322753906,0.13327598571777344;
1.501781834,3,0.4187187383333334,5.942742029825847,0.2963542938232422;
1.824448478,3,0.629835344,3.4388701121012373,0.10609626770019531;
4.719273759,11,0.22055986754545454,1.653454520485618,0.15165589072487567;
0.438538261,2,0.27566491849999997,4.794836044311523,2.384185791015625E-4;
2.07613033,3,0.7156122810000001,3.1681855519612627,0.06079673767089844;
2.231366743,4,0.48462678324999997,5.257248878479004,0.44661760330200195;
61.870583464,82,0.6817431723902437,2.044357904573766,0.6075283376181996;
1.922240562,3,0.620930064,3.7789344787597656,0.11150042215983072;
1.107196229,2,0.6350883525,6.425619125366211,2.384185791015625E-4;
0.418884122,2,0.2434555365,4.024505615234375,2.384185791015625E-4;
1.059536286,2,0.6075031225,7.107734680175781,2.384185791015625E-4;
2.012896177,3,0.6965501813333335,2.6373863220214844,0.06039937337239583;
0.765119841,2,0.3969685165,3.3391714096069336,5.960464477539062E-4;
0.435459039,2,0.244242257,3.9396286010742188,2.384185791015625E-4;
1.516498074,6,0.14402991933333334,1.5743573506673176,0.08690357208251953;
1.612205505,7,0.135345098,1.4840875353131975,0.09758131844656807;
0.593156947,2,0.337384535,4.358649253845215,2.384185791015625E-4;
1.882185,3,0.6397431419999999,2.5659402211507163,0.06262461344401042;
2.04513419,3,0.6592197783333333,3.4532546997070312,0.10458628336588541;
1.508746267,6,0.15142431650000002,1.6678969065348308,0.08889039357503255;
1.911954562,3,0.6411248366666666,3.4090677897135415,0.10331471761067709;
0.447717824,2,0.2580593075,4.751920700073242,3.5762786865234375E-4;
1.374832785,2,0.7665754545000001,6.920099258422852,2.384185791015625E-4;
1.56970562,3,0.41760685166666667,6.10820452372233,0.29381116231282556;
1.132119708,2,0.6619338945,7.495880126953125,3.5762786865234375E-4;
1.490870557,4,0.31486490724999994,4.9547553062438965,0.4252791404724121;
0.799471325,2,0.40586152799999997,3.4388303756713867,4.76837158203125E-4;
1.595358608,4,0.33790071025,5.06138801574707,0.44977664947509766;
2.884424872,3,1.0132922623333334,2.436955769856771,0.060002009073893234;
0.812641269,2,0.406222245,3.256082534790039,3.5762786865234375E-4;
2.117904234,3,0.6854120703333333,3.3109188079833984,0.1049041748046875;
1.111082145,2,0.6244107395,6.729364395141602,3.5762786865234375E-4;
0.592974271,2,0.32624822,4.534482955932617,4.76837158203125E-4;
0.946572163,2,0.5583814965,7.01594352722168,2.384185791015625E-4;
1.892568583,3,0.6434745036666667,3.0093987782796225,0.06039937337239583;
1.113758927,2,0.6515323245,7.269144058227539,2.384185791015625E-4;
1.924528934,3,0.65084045,2.5008519490559897,0.059922536214192704;
0.813014258,3,0.2624158956666666,2.4741490681966147,0.08598963419596353;
;
0.424758787,2,0.2429149785,3.8444995880126953,2.384185791015625E-4;
5.178769131,13,0.16827634776923076,1.628380555372972,0.15651262723482573;
0.573227326,2,0.3373396995,4.462838172912598,2.384185791015625E-4;
4.266429406,11,0.21166058027272727,1.6645734960382634,0.15789812261408026;
30.793838942,2,15.486147241,9.896993637084961,2.384185791015625E-4;
;
;
;
1.489161719,3,0.45486257966666666,222.01959292093915,0.058968861897786454;
2.131808353,5,0.3531980502,4.535579681396484,0.5472183227539062;
1.426681847,6,0.1446953695,1.5966494878133137,0.08873144785563152;
0.821941434,3,0.2706378993333333,2.5478204091389975,0.059922536214192704;
0.428692378,2,0.2435346155,2.7256011962890625,4.76837158203125E-4;
1.262033384,3,0.4710202743333333,233.80804061889648,0.060955683390299484;
1.65394222,2,0.8427117555000001,4.506111145019531,2.384185791015625E-4;
1.254893348,2,0.750953433,6.901979446411133,3.5762786865234375E-4;
91.731392061,123,0.5776460198943091,2.551706825814596,1.192734493472712;
0.565892581,2,0.4034655575,4.016637802124023,3.5762786865234375E-4;
84.940119966,48,1.6642946532708331,2.8119683265686044,1.1510501305262242;
1.854154764,3,0.6224808776666666,3.941853841145833,0.1064141591389974;
1.051008705,2,0.5951592345,6.785154342651367,3.5762786865234375E-4;
0.841356607,3,0.244633523,2.503077189127604,0.06349881490071616;
0.437377848,2,0.25788554100000005,5.124926567077637,3.5762786865234375E-4;
0.593201734,2,0.34769289849999996,4.570364952087402,2.384185791015625E-4;
2.481057198,9,0.1525879755555556,1.4054510328504775,0.10106298658582899;
37.275786813,30,0.10497445910000001,1.1090574593379579,0.2246538798014323;
6.182655374,13,0.17397708092307693,1.5315642723670373,0.1581448775071364;
0.436118356,2,0.2498377775,3.2047033309936523,2.384185791015625E-4;
0.6335176,2,0.35451039900000003,4.747986793518066,2.384185791015625E-4;
2.132749474,5,0.35002492080000003,4.6215057373046875,0.5559444427490234;
1.444528406,3,0.4227240013333333,6.255547205607096,0.3230571746826172;
2.167959558,5,0.34120922600000003,4.453372955322266,0.5311965942382812;
0.890336388,3,0.2610022146666667,2.5643507639567056,0.06508827209472656;
144.662620083,100,1.3174080199299996,2.6850366592407218,1.1863064765930176;
0.831780191,3,0.253409316,2.7719338734944663,0.06667772928873697;
0.795200231,2,0.4115758075,3.534674644470215,2.384185791015625E-4;
2.480031243,9,0.14768676655555557,1.3955434163411455,0.09830792744954427;
0.571948136,2,0.3388691505,4.076838493347168,3.5762786865234375E-4;
205.190625603,265,0.6908859240226414,1.9753087241694605,0.6230669201544996;
1.860441028,3,0.6124176100000001,3.6172866821289062,0.1327991485595703;
0.780692412,3,0.2530962273333333,2.7388731638590493,0.06492932637532553;
3.338694935,10,0.2224837015,1.7091989517211914,0.14841556549072266;
;
0.876039371,3,0.243297655,2.605994542439779,0.06365776062011719;
91.274887848,123,0.5785481492439024,2.608727633468505,1.1866402819873842;
2.163731634,5,0.3424721366,4.410076141357422,0.542449951171875;
1.458599672,7,0.13186721714285715,1.7546926225934711,0.09213175092424665;
0.837953325,2,0.5199933015,4.292488098144531,2.384185791015625E-4;
2.515647718,3,0.844717978,3.406047821044922,0.10395050048828125;
;
2.261425091,4,0.48304492425,5.195677280426025,0.4850029945373535;
;
0.573684719,2,0.3335699845,4.503607749938965,2.384185791015625E-4;
1.489909978,7,0.12894361942857144,1.4948504311697823,0.09516307285853795;
156.414564454,137,0.9837748544306568,2.496548812754834,1.1943378587708848;
0.567594431,2,0.332979888,4.236578941345215,2.384185791015625E-4;
6.458749051,14,0.24602677821428567,1.4770882470267157,0.1569134848458426;
2.0540612,3,0.7068997026666667,2.6672681172688804,0.060002009073893234;
5.312834984,13,0.16738185515384615,1.6647118788499098,0.16216131357046273;
0.951411019,2,0.569502645,8.068323135375977,2.384185791015625E-4;
1.305761649,2,0.747278549,7.0220232009887695,2.384185791015625E-4;
2.199440926,3,0.7424672546666667,3.377358118693034,0.10768572489420572;
4.19284925,13,0.17057230946153845,1.4723080855149488,0.1575763408954327;
;
30.742887704,2,15.4530673745,12.682437896728516,2.384185791015625E-4;
2.031318011,2,1.0735217505,335.90805530548096,3.5762786865234375E-4;
1.84781537,3,0.6364257546666665,3.480275472005208,0.10434786478678384;
0.458179356,2,0.268641871,4.338622093200684,3.5762786865234375E-4;
11.299721782,21,0.16712017242857144,1.439707619803292,0.18283299037388392;
0.56256847,2,0.294989492,7.837533950805664,2.384185791015625E-4;
0.430484422,2,0.24757093000000002,2.766847610473633,2.384185791015625E-4;
0.919992694,3,0.2644389006666667,2.5519529978434243,0.07454554239908853;
35.43168547,30,0.10243501240000001,1.2455145517985022,0.23794174194335932;
1.146548939,3,0.4116287343333333,2.6725133260091147,0.05944569905598958;
0.430054726,2,0.25541114249999997,4.761695861816406,3.5762786865234375E-4;
0.446318069,2,0.26333716,3.9620399475097656,2.384185791015625E-4;
0.800489075,3,0.265977359,2.53144900004069,0.06238619486490886;
0.844944691,3,0.24619202333333334,2.4588902791341147,0.07422765096028647;
1.30687904,4,0.29159592025000003,2.199888229370117,0.0903010368347168;
0.835952121,2,0.4250438625,3.5283565521240234,4.76837158203125E-4;
0.813352282,2,0.40205285449999995,3.443598747253418,2.384185791015625E-4;
1.312305847,2,0.7869438815,6.419897079467773,3.5762786865234375E-4;
111.814046685,147,0.6847051624489798,1.9678485636808432,0.6203051327037163;
1.824773134,3,0.6273334283333333,3.5445690155029297,0.10855992635091147;
1.523974467,6,0.14685199433333332,1.6404787699381511,0.08634726206461589;
0.443166591,2,0.267603702,4.955530166625977,2.384185791015625E-4;
2.43225949,3,0.8386033476666666,2.7844905853271484,0.061511993408203125;
5.301924512,13,0.16813615053846154,1.5422931084266076,0.15383500319260818;
;
;
;
0.965211936,2,0.4950287865,333.7749242782593,2.384185791015625E-4;
1.022476929,2,0.565318666,332.5539827346802,4.76837158203125E-4;
6.72593524,14,0.24759478849999994,1.5548978533063618,0.1595020294189453;
0.470745204,2,0.280246041,5.2509307861328125,5.960464477539062E-4;
1.30854889,2,0.7923288230000001,7.082819938659668,2.384185791015625E-4;
90.043756092,123,0.5707438570813006,2.552518999673487,1.1819358763655994;
10.07914204,21,0.1640174669047619,1.402457555135091,0.1732394808814639;
1.080344169,2,0.6305416095,7.766962051391602,3.5762786865234375E-4;
1.56109213,2,0.8523897915,7.132053375244141,2.384185791015625E-4;
1.132289847,2,0.667155739,7.1059465408325195,1.1920928955078125E-4;
1.432709968,2,0.8576855564999999,7.026791572570801,2.384185791015625E-4;
0.559231066,2,0.323685444,4.360675811767578,1.1920928955078125E-4;
1.864865159,4,0.39250113999999997,5.079388618469238,0.456392765045166;
89.22030182,123,0.571192193658537,2.524096791337177,1.1677606319024316;
2.491513057,3,0.8508199203333334,3.6141077677408857,0.10498364766438803;
3.290868149,10,0.22605908260000002,1.7005205154418945,0.14562606811523438;
1.220541885,2,0.6917332715,6.426453590393066,2.384185791015625E-4;
0.751725612,3,0.24523017000000003,2.6984214782714844,0.06620089213053384;
;
;
1.461132627,3,0.7020096533333333,451.04853312174475,0.11905034383138022;
156.790785719,137,0.9926042237372261,8.103060896379233,1.1937235393663388;
;
1.472565957,3,0.424223438,6.407658259073893,0.2934137980143229;
0.446642911,2,0.258994781,3.9653778076171875,3.5762786865234375E-4;
10.633685859,21,0.19304709690476188,35.47368730817522,0.16848246256510416;
1.517305673,2,0.82324088,6.456732749938965,3.5762786865234375E-4;
0.57668351,2,0.32252764700000003,4.211187362670898,2.384185791015625E-4;
0.753964324,2,0.38195394000000005,3.3478736877441406,2.384185791015625E-4;
1.368629777,2,0.74725638,6.525397300720215,2.384185791015625E-4;
0.430313432,2,0.257158289,5.351066589355469,2.384185791015625E-4;
0.419676365,2,0.248484968,3.887653350830078,3.5762786865234375E-4;
2.069309719,5,0.34543134639999995,4.577493667602539,0.5352497100830078;
0.848721807,3,0.25307445100000003,2.4933815002441406,0.06413459777832031;
0.413764606,2,0.239239036,4.312753677368164,4.76837158203125E-4;
6.284037578,14,0.24544226507142852,1.4633280890328544,0.1555851527622768;
0.904624138,3,0.26845172066666667,2.5228659311930337,0.06786982218424478;
1.134088633,2,0.6575633004999999,7.037162780761719,2.384185791015625E-4;
6.228099304,14,0.24765639964285718,1.5462126050676617,0.15323502676827566;
5.175276142,13,0.17289498669230768,1.5276028559758115,0.16080416165865388;
0.432866177,2,0.256112289,4.842519760131836,2.384185791015625E-4;
0.741683068,2,0.436538662,6.646275520324707,2.384185791015625E-4;
1.737064609,2,1.0011948165,7.415890693664551,2.384185791015625E-4;
1.238687882,2,0.6095033355,3.3704042434692383,2.384185791015625E-4;
0.580167733,2,0.332106919,4.12750244140625,2.384185791015625E-4;
0.730643207,2,0.388619205,3.649115562438965,2.384185791015625E-4;
1.045638323,2,0.6078353455000001,6.997823715209961,2.384185791015625E-4;
1.428020557,6,0.14189383133333336,1.6053120295206706,0.08650620778401692;
3.461022367,10,0.23165892370000002,1.55080689324273,0.1441902584499783;
1.572675879,6,0.1469309798333333,1.6413529713948567,0.08559226989746094;
1.559441393,6,0.1522040666666667,1.7313957214355469,0.09250640869140625;
1.483366868,2,0.8872464760000001,6.862878799438477,2.384185791015625E-4;
0.807843255,2,0.41203375000000003,3.734111785888672,2.384185791015625E-4;
5.018528779,13,0.1675719066923077,1.6021545116718001,0.15064386221078724;
1.061967735,2,0.5159450594999999,3.6350488662719727,2.384185791015625E-4;
0.312470625,2,0.13369053250000001,2.7353763580322266,2.384185791015625E-4;
30.644172297,2,15.409741094500001,10.903358459472656,2.384185791015625E-4;
5.798573853,13,0.21253362969230769,54.91054975069487,0.1627848698542668;
0.569103538,2,0.3966507115,4.534482955932617,3.5762786865234375E-4;
5.604759514,13,0.1701894140769231,1.521935829749474,0.15209271357609674;
1.142914011,2,0.664322697,7.537961006164551,3.5762786865234375E-4;
0.438001004,2,0.260166512,3.988981246948242,2.384185791015625E-4;
1.482871389,6,0.14216167849999997,1.5794833501180012,0.09107589721679688;
1.4308656,3,0.42409996666666666,6.122668584187826,0.3065268198649088;
2.108985362,3,0.7196630853333333,2.8461615244547525,0.05944569905598958;
1.960412399,3,0.675606645,2.5725364685058594,0.06031990051269531;
;
;
1.108650517,1,0.936380586,676.1925220489502,4.76837158203125E-4;
2.51836268,3,0.863974045,232.5785954793294,0.10593732198079428;
2.036946072,2,1.0863203719999999,340.87252616882324,2.384185791015625E-4;
1.82859044,4,0.39131885425,5.827844142913818,0.4883408546447754;
0.77028146,2,0.409179619,3.260970115661621,3.5762786865234375E-4;
1.450080186,6,0.14311120183333334,1.7056465148925781,0.1060167948404948;
1.130389505,2,0.6771328305,6.715178489685059,2.384185791015625E-4;
3.176873131,9,0.2506406772222222,1.8203523423936632,0.14209747314453125;
0.784797187,2,0.40189395,3.7660598754882812,3.5762786865234375E-4;
0.561686707,2,0.323635384,4.2182207107543945,2.384185791015625E-4;
1.117019461,3,0.39220721166666667,2.8622945149739585,0.060002009073893234;
;
6.433005407,14,0.24809879407142857,1.5795060566493444,0.15304769788469588;
0.446817789,2,0.26323324,3.9718151092529297,2.384185791015625E-4;
3.167553522,10,0.2258630791,1.7668724060058592,0.15015602111816406;
0.607620399,2,0.3451932775,4.494309425354004,2.384185791015625E-4;
2.067414772,3,0.6681010676666667,3.4055709838867188,0.10657310485839844;
2.017997022,3,0.6900280213333333,2.8600692749023438,0.05817413330078125;
1.400903922,2,0.7711989415,6.904482841491699,3.5762786865234375E-4;
1.386023885,6,0.1454473755,1.5865166982014973,0.09270509084065755;
87.962295057,123,0.5764284695772358,2.5504100613477743,1.195715694892697;
10.521694005,21,0.16738765100000003,1.4202821822393505,0.17267181759788874;
1.211624183,2,0.6686532065,7.272005081176758,3.5762786865234375E-4;
0.568865796,2,0.3299007015,4.365324974060059,2.384185791015625E-4;
92.366524487,197,0.2912334156243654,2.788704663968935,1.2304347178657657;
1.301884098,4,0.29524975624999994,4.162192344665527,0.09256601333618164;
1.953011411,3,0.666756082,2.6702086130777993,0.060240427652994796;
0.437134942,2,0.252669248,4.639148712158203,2.384185791015625E-4;
0.846701795,3,0.26381186900000003,2.5698343912760415,0.06492932637532553;
0.74679911,2,0.390669563,4.049181938171387,2.384185791015625E-4;
152.487849002,197,0.6867145952944163,2.0003125147165974,0.621959037587122;
41.892633777,30,0.10501342009999998,1.264746983846029,0.22489229838053387;
0.551027676,2,0.372668542,2.8839111328125,2.384185791015625E-4;
;
1.389378177,6,0.14939687666666668,1.743316650390625,0.09445349375406902;
0.440450402,2,0.26345164050000003,3.1720399856567383,2.384185791015625E-4;
0.761628635,2,0.388003187,3.6821365356445312,4.76837158203125E-4;
5.200292973,13,0.17422882946153848,1.5153518089881308,0.15482535729041466;
203.154890603,265,0.6859556400452829,1.9651475942359784,0.6241150622097954;
1.411928823,6,0.14174634566666663,1.7291704813639324,0.08924802144368489;
2.03426903,3,0.7317451429999999,3.2262007395426435,0.060160954793294266;
1.489622101,6,0.1441143925,1.5143950780232747,0.08718172709147136;
2.206049499,3,0.5159263476666667,6.129900614420572,0.3453890482584635;
1.459147343,6,0.14784759583333335,1.7534891764322917,0.08730093638102214;
1.633679843,7,0.13606555642857143,1.4560563223702567,0.09850093296595983;
0.555455757,2,0.393851547,3.725767135620117,2.384185791015625E-4;
3.299861016,10,0.22066534250000003,1.6865968704223633,0.1547098159790039;
1.010899486,2,0.6041054865,7.417917251586914,2.384185791015625E-4;
1.858175346,3,0.5939818446666667,3.719011942545573,0.11571248372395834;
1.140003395,2,0.6242876235,6.348729133605957,2.384185791015625E-4;
5.241990061,13,0.1691099377692308,1.598064716045673,0.15983214745154747;
1.04937829,2,0.594944841,7.302403450012207,3.5762786865234375E-4;
1.822251053,3,0.6210507523333334,2.507448196411133,0.06508827209472656;
1.511944017,2,0.8201019455,6.480932235717773,2.384185791015625E-4;
5.011853152,13,0.16962433853846154,1.5195333040677583,0.1543118403508113;
0.431854213,2,0.262845036,4.747867584228516,4.76837158203125E-4;
1.941332661,3,0.6628050313333333,2.657731374104818,0.059604644775390625;
0.600689449,2,0.3528019445,4.341006278991699,2.384185791015625E-4;
80.724596741,107,0.6837010991401871,2.0074710667690385,0.6156881278920397;
3.316955756,10,0.220217242,1.7416715621948242,0.14560222625732422;
0.73081988,2,0.3932710135,4.028916358947754,2.384185791015625E-4;
4.762461841,3,1.5962991890000002,2.5218327840169272,0.06389617919921875;
2.232453567,3,0.7509119163333334,3.295103708902995,0.1285076141357422;
0.579839213,2,0.337414789,4.151582717895508,2.384185791015625E-4;
0.568569949,2,0.402726963,3.973722457885742,3.5762786865234375E-4;
0.923545773,2,0.558634673,6.936192512512207,2.384185791015625E-4;
2.174491478,5,0.33992755599999996,4.43120002746582,0.5492687225341797;
1.521624137,4,0.32710851875,5.3375959396362305,0.4933476448059082;
0.444259204,2,0.2711973145,3.940582275390625,2.384185791015625E-4;
1.433422716,6,0.14471047983333332,1.5405813852945964,0.08940696716308594;
0.875016291,2,0.521863314,7.162332534790039,2.384185791015625E-4;
0.428223141,2,0.2457980365,3.9215087890625,7.152557373046875E-4;
1.437201592,2,0.8543815080000001,6.984472274780273,2.384185791015625E-4;
1.455958833,7,0.13116031185714289,1.4715194702148438,0.09301730564662389;
;
60.960788937,51,1.0660198858039216,2.7094822303921573,1.1614070219152115;
0.752256658,2,0.3829502905,3.4502744674682617,1.1920928955078125E-4;
1.883205283,3,0.6233059966666666,3.8467248280843096,0.10879834493001303;
3.284744094,10,0.22244325540000004,1.6856193542480469,0.14579296112060547;
106.736402601,131,0.7103237793053434,2.1416576764055786,0.625337353189483;
;
0.755917488,3,0.242919306,3.038167953491211,0.061909357706705734;
60.404584433,51,1.0619506616078433,2.6636450898413564,1.1577606201171875;
80.584693649,107,0.681503305682243,1.9309186489782597,0.6134576886613794;
;
2.889348252,3,0.9732263073333332,3.49124272664388,0.11992454528808594;
1.898865142,3,0.6469799483333334,3.660440444946289,0.10617574055989584;
2.016374084,3,0.6894324279999999,2.472956975301107,0.058094660441080734;
3.713560286,9,0.2572893852222222,1.8528832329644098,0.14289220174153647;
0.437764604,2,0.2682697155,3.8352012634277344,4.76837158203125E-4;
3.563538049,10,0.23387780639999994,1.8545866012573242,0.1470804214477539;
0.777593938,3,0.2542635583333333,2.43989626566569,0.07271766662597656;
1.911888719,2,0.983941851,4.464626312255859,2.384185791015625E-4;
;
2.026485349,2,1.0404528119999998,4.872322082519531,3.5762786865234375E-4;
5.591809126,13,0.18531677100000005,1.5346270341139574,0.15941032996544474;
0.50387597,2,0.3132599905,3.824949264526367,2.384185791015625E-4;
2.427131795,6,0.27511082616666666,4.432717959086101,0.6229480107625326;
1.740061204,3,0.582778241,4.0200551350911455,0.11523564656575522;
0.770633149,2,0.448036571,6.649017333984375,3.5762786865234375E-4;
69.929755538,82,0.7685414415487805,2.172682343459711,0.6584307042563834;
0.441150532,2,0.26021834850000003,3.7250518798828125,2.384185791015625E-4;
30.268633772,2,15.230159708,10.735511779785156,2.384185791015625E-4;
6.501079077,13,0.21981619600000002,2.6222192324124847,0.20034496600811297;
1.129655874,2,0.6314827445,366.2700653076172,4.76837158203125E-4;
0.661040206,2,0.40871274999999996,4.848003387451172,5.960464477539062E-4;
0.918403298,2,0.533444959,7.593035697937012,2.384185791015625E-4;
;
;
112.661975463,147,0.694476616129252,11.276580849472365,0.6181901814986249;
2.087866914,7,0.3144348407142857,188.90224184308732,0.09465217590332031;
0.571347101,2,0.3363870075,4.065752029418945,3.5762786865234375E-4;
0.326324211,2,0.157983578,4.056692123413086,7.152557373046875E-4;
0.579251233,2,0.3863906965,4.826068878173828,4.76837158203125E-4;
1.404189409,6,0.14425894816666668,1.5553633371988933,0.08797645568847656;
1.495169283,2,0.816232396,6.885409355163574,3.5762786865234375E-4;
0.432180673,2,0.2504041495,4.808187484741211,5.960464477539062E-4;
103.832776159,131,0.6881066096106868,2.0307657372860497,0.6196571670415748;
;
60.863833037,51,1.0655950370392158,2.7452637167537914,1.1723836263020835;
0.427404022,2,0.24401232,2.824068069458008,2.384185791015625E-4;
5.163043772,13,0.1657204383846154,1.535177230834961,0.15662266657902646;
88.102941121,123,0.5742419395528454,2.77974741245673,1.1853551476951543;
5.044820058,13,0.173126655,1.4826334439791167,0.15214773324819714;
0.591344265,2,0.353920506,4.515886306762695,4.76837158203125E-4;
0.450387563,2,0.2739327195,2.9425621032714844,4.76837158203125E-4;
3.769098685,11,0.2144477431818182,1.560254530473189,0.16221133145419034;
1.621470449,5,0.23123602039999996,2.3914337158203125,0.11467933654785156;
2.498059675,9,0.1533382178888889,1.416603724161784,0.1014603508843316;
2.171830449,6,0.26032454883333334,4.089315732320149,0.5981127421061198;
5.141894091,13,0.16581134553846152,1.552600127000075,0.15977712777944714;
0.810922276,2,0.4246028385,3.3823251724243164,2.384185791015625E-4;
;
;
2.598907863,3,1.1136606773333333,450.8657455444336,0.10371208190917969;
6.016727492,11,0.3496563942727272,82.37550475380638,0.18748370083895596;
3.69494107,10,0.2410337953,1.619863510131836,0.14133453369140625;
1.459647334,3,0.467598816,224.80114301045734,0.059207280476888016;
34.550264102,30,0.10413888723333334,1.228944460550944,0.2285401026407877;
0.435179861,2,0.2582242495,4.003763198852539,2.384185791015625E-4;
;
0.44422886,2,0.262996476,5.119085311889648,4.76837158203125E-4;
0.943517468,3,0.26636530766666666,2.5746822357177734,0.0690619150797526;
1.545685481,2,0.8373063015000001,6.388068199157715,2.384185791015625E-4;
3.432507508,9,0.24248088766666667,1.5818476676940918,0.14321009318033853;
0.568402101,2,0.335203438,4.229068756103516,3.5762786865234375E-4;
4.731203512,13,0.17092939723076922,1.552581787109375,0.1555772928091196;
0.572922535,2,0.334737838,4.40669059753418,3.5762786865234375E-4;
0.897775344,2,0.5384981685,7.017850875854492,3.5762786865234375E-4;
204.054130469,265,0.6858735390528298,2.0567183224660037,0.6193170007669703;
0.565487317,2,0.3142425995,4.135370254516602,2.384185791015625E-4;
1.401026051,6,0.14661555783333333,1.5854040781656902,0.08638699849446614;
4.291433363,13,0.1697787617692308,1.4713727510892427,0.17024920536921576;
;
;
1.258900337,2,1.015453612,676.8531799316406,2.384185791015625E-4;
;
1.424091808,2,0.781563043,6.7893266677856445,2.384185791015625E-4;
0.578255312,2,0.3357210495,4.32276725769043,2.384185791015625E-4;
;
1.634885808,6,0.15126300383333333,1.8482605616251628,0.08682409922281902;
150.963203539,197,0.68540916557868,1.9920634739290028,0.6095455382681136;
1.448697651,3,0.41947693133333336,6.064414978027344,0.3063678741455078;
3.2943025,9,0.2565660248888889,1.806603537665473,0.14604462517632377;
1.080554245,2,0.528614947,3.8700103759765625,2.384185791015625E-4;
0.309098293,1,0.134426155,2.696990966796875,3.5762786865234375E-4;
1.092968062,2,0.6430879795,6.955385208129883,2.384185791015625E-4;
0.60585647,2,0.3434162875,4.5441389083862305,3.5762786865234375E-4;
61.875754951,82,0.6802913811707316,2.0431367362417827,0.5977909739424542;
84.31175408,48,1.6495228752083333,2.768491705258688,1.1271188656489055;
0.43666251,2,0.2607125535,5.115747451782227,7.152557373046875E-4;
0.45081724,2,0.258944726,3.229498863220215,2.384185791015625E-4;
1.402185813,6,0.148343166,1.8088817596435547,0.09071826934814453;
0.588468499,2,0.3434068745,4.0683746337890625,2.384185791015625E-4;
2.641095208,3,0.8681315303333333,3.6487579345703125,0.09950002034505209;
0.432302751,2,0.250938542,3.2874345779418945,1.1920928955078125E-4;
154.725519975,137,0.9799009701240876,2.7864205576207515,1.1686182370151053;
0.788434664,2,0.406730163,3.4346580505371094,2.384185791015625E-4;
1.519649853,2,0.932140317,7.091641426086426,3.5762786865234375E-4;
1.655554177,5,0.2340744168,2.2788524627685547,0.10752677917480469;
1.870545614,3,0.6408742503333333,3.425121307373047,0.10863939921061197;
3.485915708,9,0.24915170311111107,1.8022325303819444,0.14546182420518664;
1.638168004,3,0.4290805533333333,5.902290344238281,0.297705332438151;
2.240364412,2,1.1358448989999999,4.661321640014648,2.384185791015625E-4;
3.227202102,3,1.1275814736666667,2.833922704060872,0.05785624186197917;
0.782170251,2,0.4052869125,3.406524658203125,2.384185791015625E-4;
2.493271398,9,0.14923989733333334,1.389424006144206,0.10087754991319445;
;
155.866907084,137,0.9797008625912411,2.5714296494087163,1.158237457275391;
1.347054172,2,0.7400786290000001,7.021665573120117,2.384185791015625E-4;
;
;
2.234073428,2,1.7560580314999998,704.450249671936,3.5762786865234375E-4;
;
;
;
;
1.134940084,2,0.9307281265,347.95570373535156,2.384185791015625E-4;
0.989904557,3,0.35673898333333337,3.963867823282878,0.06779034932454428;
1.637103149,2,0.9708667634999999,9.862422943115234,1.1920928955078125E-4;
4.994499935,13,0.18469599584615384,1.6681964580829327,0.1569344447209285;
0.918163474,2,0.48203084900000004,4.9561262130737305,2.384185791015625E-4;
97.731757358,128,0.6805580954374999,2.4819131940603256,0.6027854979038237;
5.458329562,13,0.16868259769230767,1.7222807957575872,0.15709950373722956;
1.332554137,2,0.747171137,8.812546730041504,3.5762786865234375E-4;
1.465385985,6,0.14497968933333333,2.1473566691080728,0.08606910705566406;
1.495757891,2,0.811577141,7.327079772949219,1.1920928955078125E-4;
0.753828169,2,0.4338996,7.711291313171387,2.384185791015625E-4;
7.356187249,14,0.3129637297142857,1.9079787390572682,0.16464505876813615;
2.019706503,2,1.17390023,7.020473480224609,2.384185791015625E-4;
;
;
2.085730601,7,0.32134187771428574,192.4071993146624,0.14172281537737166;
1.552534124,2,1.1420943845,666.2721633911133,3.5762786865234375E-4;
30.287964484,2,15.23767328,11.711359024047852,4.76837158203125E-4;
0.859362229,2,0.450389285,4.650115966796875,3.5762786865234375E-4;
0.805845685,3,0.26718137466666664,5.819002787272136,0.07065137227376303;
0.487153157,2,0.289494375,5.67018985748291,2.384185791015625E-4;
1.579166275,4,0.470947476,179.5383095741272,0.09143352508544922;
2.328866739,5,0.3509915548,5.560111999511719,0.5865573883056641;
;
;
1.133521067,1,0.940429484,673.2699871063232,2.384185791015625E-4;
1.047380414,2,0.567855329,330.91235160827637,2.384185791015625E-4;
1.731918618,6,0.269042803,124.3663231531779,0.13113021850585938;
1.487384224,2,0.8180220629999999,6.424307823181152,3.5762786865234375E-4;
1.101952082,2,0.6522915375,6.937742233276367,3.5762786865234375E-4;
91.172817374,123,0.5753043962926829,2.8932773000825716,1.1802746997616163;
0.446167627,2,0.185313697,5.803942680358887,4.76837158203125E-4;
0.854719092,2,0.43975771500000005,3.69417667388916,3.5762786865234375E-4;
1.675856819,3,0.41704491366666663,5.916039148966472,0.2906322479248047;
;
0.878659461,3,0.2531885993333333,2.8946399688720703,0.07621447245279947;
4.658560067,11,0.23737117745454545,1.6656788912686435,0.14749440279873935;
0.829686605,2,0.430543273,3.7994384765625,5.960464477539062E-4;
1.326566542,2,0.714986915,6.496787071228027,2.384185791015625E-4;
1.473231178,6,0.14545831166666667,1.5282630920410156,0.0864267349243164;
3.868423645,11,0.23102126427272726,1.4634565873579546,0.15126575123180044;
80.615214363,107,0.6806852511869158,1.933345170778649,0.6064744753258249;
1.360572648,2,0.7727377715000001,7.409453392028809,2.384185791015625E-4;
0.440996299,2,0.24881425199999999,4.046916961669922,3.5762786865234375E-4;
;
0.755271997,2,0.38546221150000004,3.507375717163086,3.5762786865234375E-4;
3.767321019,10,0.24035867569999997,1.493692398071289,0.14777183532714844;
0.60321483,2,0.35400703450000004,4.103660583496094,2.384185791015625E-4;
1.108525142,2,0.6252591949999999,6.414890289306641,2.384185791015625E-4;
96.46075581,128,0.6778112251953119,1.999363303184509,0.609271228313446;
0.931160641,2,0.5504331375,7.0552825927734375,3.5762786865234375E-4;
79.937717396,107,0.6764870934112147,1.9198377555775865,0.606189264315311;
0.439488521,2,0.2466219045,2.9740333557128906,2.384185791015625E-4;
5.19811444,3,1.7516403486666663,5.496740341186523,0.25240580240885413;
0.780604823,2,0.40781574249999997,3.2743215560913086,2.384185791015625E-4;
0.803785518,2,0.385165671,3.3838748931884766,2.384185791015625E-4;
2.198405321,5,0.3334564714,4.673194885253906,0.5431175231933594;
4.365757926,3,1.4991986096666667,3.5737355550130205,0.2620220184326172;
1.406389659,2,0.783828763,6.350398063659668,2.384185791015625E-4;
2.153392807,5,0.33228941219999997,4.774808883666992,0.5577564239501953;
61.087799928,82,0.6703723652682925,2.0023787893900065,0.6045393827484876;
3.246799999,3,1.082515446333333,3.4882227579752607,0.150601069132487;
30.264240615,2,15.148411856000001,9.509563446044922,2.384185791015625E-4;
0.415999641,2,0.24447628,2.9697418212890625,2.384185791015625E-4;
1.255929548,2,0.7264032555,7.741689682006836,3.5762786865234375E-4;
1.062069583,2,0.5864480404999999,340.5550718307495,2.384185791015625E-4;
0.447098679,2,0.26635038450000004,5.176067352294922,2.384185791015625E-4;
0.167640962,2,0.02209867,0.0,0.0;
0.158705734,2,0.022255081,0.0,0.0;
0.149524456,2,0.022749506,0.0,0.0;
0.200386054,2,0.033322292,0.0,0.0;
;
;
1.107537435,2,0.9270362089999999,670.6787347793579,3.5762786865234375E-4;
1.103733284,2,0.931246087,668.4870719909668,2.384185791015625E-4;
;
2.427452902,4,0.7194875832500001,364.4760847091675,0.5001425743103027;
3.238689293,3,1.1281572233333332,2.8127829233805337,0.06159146626790364;
1.636350506,2,0.8979049025,6.165742874145508,2.384185791015625E-4;
1.266815053,2,0.7566973925,16.75879955291748,3.5762786865234375E-4;
;
;
;
1.40134638,2,1.038399573,659.2816114425659,3.5762786865234375E-4;
5.525898725,3,1.872184938333333,2.795060475667318,0.34983952840169275;
1.757968477,6,0.26452305916666663,124.99964237213135,0.09540716807047527;
;
1.166592848,2,0.707728204,346.7155694961548,3.5762786865234375E-4;
2.097070682,2,1.0827167865,4.474043846130371,2.384185791015625E-4;
0.729172757,2,0.3842527445,3.536820411682129,2.384185791015625E-4;
;
0.830116376,3,0.24949250633333334,2.8843084971110025,0.06389617919921875;
3.155238056,3,1.0780703833333334,2.580563227335612,0.16570091247558594;
83.256398822,48,1.6285839211666668,2.7942905823389683,1.1430978775024414;
1.441018922,2,0.857249769,7.3996782302856445,2.384185791015625E-4;
5.591500823,13,0.17326703938461538,1.4904462374173677,0.15449523925781247;
1.52441489,6,0.15409561133333333,1.6156435012817383,0.09179115295410156;
3.529831775,9,0.2574284372222222,1.7517937554253473,0.14517042371961805;
6.617510664,14,0.24723075535714287,1.4719963073730469,0.15194075448172434;
0.453485873,2,0.27078465549999997,2.7217864990234375,4.76837158203125E-4;
2.130993173,3,0.7326668986666667,2.8645197550455728,0.06071726481119792;
1.872944192,3,0.640511324,2.505620320638021,0.06262461344401042;
3.480141818,9,0.23865994022222226,1.5211105346679688,0.1323223114013672;
0.444840794,2,0.270821491,2.6895999908447266,3.5762786865234375E-4;
4.298957294,11,0.2053140345454545,1.6131617806174539,0.1596104015003551;
1.910021615,3,0.6516212396666666,2.9687086741129556,0.05857149759928386;
1.926674898,3,0.6510524523333333,2.9915968577067056,0.059207280476888016;
0.43117659,2,0.2573823825,5.004405975341797,3.5762786865234375E-4;
2.601194821,3,0.8786970983333333,3.2379627227783203,0.10164578755696616;
2.213484954,5,0.35617778099999997,4.357337951660156,0.5216598510742188;
1.479593491,6,0.14850519216666666,1.5589793523152669,0.09409586588541667;
0.434918795,2,0.26290443399999996,4.440188407897949,2.384185791015625E-4;
3.494524811,9,0.24400886866666666,1.6745196448432074,0.14257431030273438;
2.452312458,9,0.15218457011111114,1.3150639004177518,0.10376506381564671;
1.115463393,2,0.626696917,6.475687026977539,2.384185791015625E-4;
0.751212287,2,0.3821765775,3.3739805221557617,2.384185791015625E-4;
0.627332366,2,0.3599343775,4.459619522094727,2.384185791015625E-4;
0.849172456,3,0.2507172326666667,2.50093142191569,0.06786982218424478;
1.390367244,3,0.4141258363333334,5.9842268625895185,0.29174486796061194;
0.428664129,2,0.2445002805,4.040718078613281,4.76837158203125E-4;
1.326376518,2,0.6361971585,4.983067512512207,3.5762786865234375E-4;
31.097207845,2,15.5673620355,11.528968811035156,4.76837158203125E-4;
2.484504505,3,0.8212744533333334,228.89423370361328,0.15171368916829425;
0.454218986,2,0.26874820450000003,3.8290023803710938,2.384185791015625E-4;
0.560522724,2,0.2816145335,7.003903388977051,2.384185791015625E-4;
2.234463691,6,0.2577774625,4.465500513712565,0.6151596705118815;
0.43482704,2,0.2719518995,4.392504692077637,5.960464477539062E-4;
3.799668934,11,0.21774821836363634,2.019166946411133,0.16527175903320312;
1.968178598,3,0.6784270803333333,2.6890436808268228,0.0739892323811849;
0.447988569,2,0.25350319450000003,4.535794258117676,2.384185791015625E-4;
0.607742933,2,0.36469313000000003,16.96181297302246,3.5762786865234375E-4;
3.211134241,3,1.0999949606666666,3.6156177520751953,0.10673205057779947;
1.879987993,2,0.9600501175,4.3544769287109375,3.5762786865234375E-4;
;
3.666744314,11,0.20466811009090904,1.6552534970370203,0.15742128545587714;
1.578793879,2,0.9446008669999999,7.689952850341797,2.384185791015625E-4;
2.066387114,3,0.7040024876666667,3.4474531809488935,0.10387102762858072;
1.964803216,3,0.6735196286666667,2.4754206339518228,0.06175041198730469;
1.430310676,3,0.42012884966666664,6.249427795410156,0.32711029052734375;
1.907263846,3,0.6490519283333334,2.532482147216797,0.05952517191569011;
3.23129725,9,0.2504138323333333,1.6188621520996092,0.13893842697143555;
1.905343432,3,0.6602170456666667,3.5656293233235674,0.11587142944335938;
3.101206585,6,0.38604153733333335,3.9478143056233725,0.6045897801717123;
0.863487353,3,0.25599019033333337,2.665281295776367,0.07414817810058594;
0.703514838,2,0.4091933765,6.899595260620117,2.384185791015625E-4;
2.092259004,3,0.685560434,3.655354181925456,0.10379155476888022;
5.257937065,13,0.16613671284615383,1.5638058002178485,0.15273460975060096;
0.571099369,2,0.34976838450000003,4.043698310852051,2.384185791015625E-4;
1.805353572,4,0.38536435525,4.966616630554199,0.4602670669555664;
0.771720323,2,0.403064948,3.504633903503418,2.384185791015625E-4;
;
1.474163682,6,0.14347080766666667,1.450935999552409,0.08896986643473308;
1.334399037,2,0.741048243,7.4748992919921875,2.384185791015625E-4;
0.907609108,3,0.24941053133333335,2.5610923767089844,0.07295608520507812;
0.730755885,2,0.3701391545,3.467679023742676,2.384185791015625E-4;
;
0.416978953,2,0.241368791,3.7810802459716797,2.384185791015625E-4;
2.022331037,3,0.6710255556666667,3.4406979878743487,0.11761983235677084;
1.131107054,2,0.662068681,6.856799125671387,2.384185791015625E-4;
0.565544737,2,0.3210742795,4.382729530334473,3.5762786865234375E-4;
;
6.778389752,14,0.24245385121428573,1.4996188027518136,0.15437602996826172;
1.455272358,2,0.8820937795000001,7.145404815673828,3.5762786865234375E-4;
1.36846617,2,0.7533046314999999,6.476163864135742,3.5762786865234375E-4;
1.449080027,2,0.742264834,4.91786003112793,2.384185791015625E-4;
2.220740612,3,0.7329078386666666,3.4437179565429688,0.10728836059570312;
1.728002786,3,0.577822612,3.310839335123698,0.10315577189127603;
1.079604931,2,0.601680912,6.477236747741699,2.384185791015625E-4;
1.43491583,3,0.41446251733333334,6.29417101542155,0.31932195027669275;
0.440128882,2,0.2676436035,2.538919448852539,2.384185791015625E-4;
3.612662912,10,0.2401295867,1.8198490142822266,0.15170574188232422;
0.574672332,2,0.39903564,4.839420318603516,3.5762786865234375E-4;
0.434481092,2,0.2589447495,2.6388168334960938,3.5762786865234375E-4;
1.700931497,3,0.5732179933333333,3.983736038208008,0.10863939921061197;
3.377814411,10,0.2350967536,1.6501665115356445,0.1521587371826172;
1.88488918,3,0.6557851646666667,2.5610129038492837,0.05968411763509114;
1.844651538,3,0.6349480893333334,2.6445388793945312,0.06230672200520833;
0.859971773,3,0.26189224866666666,2.4422804514567056,0.06413459777832031;
0.547907396,2,0.31298290100000004,5.164027214050293,2.384185791015625E-4;
;
2.429682728,6,0.4042039036666667,238.01040649414062,0.13085206349690756;
1.881343826,6,0.16014402249999998,1.4368295669555664,0.09067853291829427;
1.526451078,2,0.843854681,11.309385299682617,3.5762786865234375E-4;
3.134668891,9,0.16469236544444446,1.2501080830891926,0.10548697577582465;
1.916037487,2,1.124014053,6.446361541748047,2.384185791015625E-4;
2.039162232,3,0.7146009523333334,2.789656321207682,0.06047884623209636;
1.926619811,3,0.8870944356666668,233.8675657908122,0.059048334757486984;
0.516561941,2,0.283330909,5.53584098815918,2.384185791015625E-4;
0.442857549,2,0.2723149955,5.203962326049805,2.384185791015625E-4;
0.379096734,2,0.183788134,4.810333251953125,8.344650268554688E-4;
1.693311762,2,0.990580679,6.486058235168457,2.384185791015625E-4;
0.443160253,2,0.26322839600000003,4.4269561767578125,7.152557373046875E-4;
;
;
;
1.79423273,3,0.8398722916666668,441.8902397155762,0.10514259338378906;
3.404057199,10,0.2977320762,71.95227146148682,0.1952648162841797;
89.026886056,123,0.5708294817967481,8.120472838238973,1.1625890809346018;
1.638026793,4,0.342023171,5.631208419799805,0.4423856735229492;
1.849362994,3,0.6367051043333333,3.255605697631836,0.05888938903808594;
1.557445491,6,0.14522288933333333,1.7816623051961262,0.08869171142578125;
0.438928689,2,0.258490928,3.1641721725463867,3.5762786865234375E-4;
0.447806272,2,0.247520236,2.5849342346191406,4.76837158203125E-4;
3.718718061,11,0.20847076909090906,1.626729965209961,0.14437328685413708;
2.232845264,4,0.48553310925000004,5.166530609130859,0.44608116149902344;
1.432768901,7,0.12934069157142855,1.483372279575893,0.09213175092424665;
0.434212443,2,0.2623359215,3.2085180282592773,3.5762786865234375E-4;
1.480410215,2,0.7570100985,4.924416542053223,2.384185791015625E-4;
0.570628973,2,0.32061230549999997,4.280805587768555,2.384185791015625E-4;
0.87642211,3,0.26411007799999997,2.522627512613932,0.07025400797526041;
1.816651939,3,0.5962304866666667,3.355264663696289,0.10577837626139322;
3.342590577,10,0.22244458950000004,1.529587639702691,0.14290809631347656;
0.76748591,2,0.3047777195,8.213639259338379,2.384185791015625E-4;
2.261367138,6,0.24697242583333334,4.241625467936198,0.6354252497355143;
4.584297849,11,0.20838189036363636,1.6541264273903586,0.15393170443448154;
1.589468567,6,0.14867718316666667,1.6862551371256511,0.0913540522257487;
10.094147376,21,0.16420457504761907,1.3996873583112444,0.1776786077590216;
1.221541936,2,0.7372678694999999,7.184386253356934,5.960464477539062E-4;
1.210371918,2,0.6846594909999999,6.857872009277344,2.384185791015625E-4;
1.091019669,2,0.6107135855,6.513237953186035,2.384185791015625E-4;
1.32178284,2,0.7203323370000001,7.383227348327637,2.384185791015625E-4;
88.546863337,123,0.5669937679837396,2.526806622016721,1.1642618877131765;
10.064353176,21,0.16230878547619051,1.38794808160691,0.1701059795561291;
;
1.390312934,6,0.14564360733333334,1.5230178833007812,0.08610884348551433;
80.153796396,107,0.679932454448598,1.905817851842007,0.6063140441324105;
1.823666072,3,0.594226963,3.377676010131836,0.10434786478678384;
0.803564688,2,0.4156380445,3.414273262023926,2.384185791015625E-4;
0.788362453,2,0.3881782795,3.384113311767578,2.384185791015625E-4;
0.7257612,2,0.3682102625,3.3425092697143555,2.384185791015625E-4;
2.197620381,5,0.3536668698,4.545688629150391,0.5530357360839844;
1.430193815,4,0.32078001575000004,5.313754081726074,0.44864416122436523;
0.849554435,2,0.5104035845,7.0067644119262695,2.384185791015625E-4;
0.419006971,2,0.247644144,3.8902759552001953,2.384185791015625E-4;
0.430435468,2,0.255216676,4.985570907592773,2.384185791015625E-4;
1.432456054,6,0.1433125535,1.9533634185791016,0.08614857991536458;
4.767770635,13,0.16520393246153847,1.5120139488807092,0.14978188734788161;
0.322644726,2,0.137173163,2.6521682739257812,2.384185791015625E-4;
5.417148118,13,0.17811995630769228,1.5737093411959133,0.15418346111591044;
83.316887605,48,1.627633588375,3.259897232055664,1.136293013890585;
79.857007588,107,0.6732675430280374,1.9460080940032667,0.6030296610894602;
0.897824857,3,0.24738099666666669,2.586523691813151,0.06643931070963541;
0.578869602,2,0.3342899345,4.227876663208008,2.384185791015625E-4;
1.403874487,6,0.14355903683333335,1.5670458475748699,0.08682409922281902;
4.876394281,13,0.16843801253846152,1.396784415611854,0.14781951904296875;
0.946832316,3,0.265806703,2.686580022176107,0.06739298502604166;
4.114126891,13,0.16854590776923078,1.5033391805795524,0.15992384690504807;
1.860487599,3,0.6357362903333333,2.6778380076090493,0.05976359049479167;
0.756847014,2,0.3902240695,3.661513328552246,2.384185791015625E-4;
0.44901797,2,0.25141081200000004,2.749919891357422,2.384185791015625E-4;
3.08828346,9,0.24248403100000002,1.9225279490152996,0.14077292548285592;
147.688746024,197,0.6733852233756348,2.094757738452273,0.6056896926182783;
153.291656901,137,0.9662338112408756,2.5654935488735684,1.1749145758413055;
0.429905568,2,0.2618460575,5.135059356689453,0.0;
152.949887094,137,0.9663897318978106,2.466389732639285,1.1766461560325903;
;
3.536871431,10,0.230556135,1.626729965209961,0.14100074768066406;
96.750380835,128,0.6747211421328126,1.9872039556503307,0.6039943546056751;
0.754504205,2,0.38584969950000003,3.890395164489746,1.1920928955078125E-4;
1.293329966,2,0.78837604,6.412267684936523,2.384185791015625E-4;
0.963788226,3,0.2537165686666667,2.9818216959635415,0.06604194641113281;
3.7340329,11,0.2026225673636364,1.247596740722656,0.14219284057617188;
1.356129527,2,0.7353611185,7.78353214263916,1.1920928955078125E-4;
5.124327951,13,0.17263747576923077,1.4994327838604267,0.15284464909480167;
;
0.891469836,3,0.2502720053333333,2.5672117869059243,0.06850560506184897;
0.738205243,2,0.428194442,6.5582990646362305,3.5762786865234375E-4;
0.782984991,2,0.387732276,3.627777099609375,3.5762786865234375E-4;
4.70798804,11,0.20678109927272728,1.7277760939164595,0.14946677468039773;
1.235739177,2,0.7530596395,7.39598274230957,2.384185791015625E-4;
1.129883834,2,0.6572827004999999,7.318854331970215,3.5762786865234375E-4;
;
0.152340549,2,0.022725389,0.0,0.0;
0.151214283,2,0.021951139,0.0,0.0;
;
;
1.771590526,2,1.3178638765000001,677.9940128326416,3.5762786865234375E-4;
1.239918916,3,0.48537783900000003,240.97641309102377,0.10935465494791666;
1.131843025,2,0.6520530204999999,7.462859153747559,2.384185791015625E-4;
3.242918847,9,0.3238261805555556,81.2118583255344,0.16911824544270834;
;
2.499569774,9,0.15071507411111112,1.3592508104112413,0.10217560662163629;
0.580116641,2,0.35022392950000003,4.425644874572754,2.384185791015625E-4;
1.077507069,2,0.623010074,6.450414657592773,3.5762786865234375E-4;
1.415654772,6,0.14233436633333335,1.597285270690918,0.09270509084065755;
2.494559795,3,0.843459653,3.710508346557617,0.10283788045247397;
99.54263921,131,0.6787392116564885,1.9992253252568144,0.6050335541936278;
0.967984365,2,0.573884085,7.184147834777832,3.5762786865234375E-4;
0.761310216,2,0.377125552,4.159331321716309,3.5762786865234375E-4;
1.634059439,4,0.34210412425000003,4.956543445587158,0.43827295303344727;
1.557134616,7,0.1362035132857143,1.4684200286865234,0.09363038199288505;
1.461662308,6,0.1442529353333333,1.5128453572591145,0.09218851725260417;
0.791358679,2,0.405895463,3.333568572998047,2.384185791015625E-4;
4.691195833,12,0.17520234675000002,1.6219814618428547,0.15131632486979169;
0.565544053,2,0.3324840755,3.978252410888672,3.5762786865234375E-4;
1.888906679,3,0.6451526730000001,2.513726552327474,0.059048334757486984;
0.922952596,3,0.2759504423333333,2.562363942464193,0.06707509358723959;
1.3615576,6,0.1379739055,1.4989773432413738,0.08805592854817708;
1.112191981,2,0.63392347,7.262110710144043,2.384185791015625E-4;
1.304339366,4,0.29464456000000006,2.1141767501831055,0.09876489639282227;
1.042828342,2,0.60691279,6.962776184082031,3.5762786865234375E-4;
1.1982521,2,0.6716494325,6.571650505065918,2.384185791015625E-4;
0.430020672,2,0.2506444025,4.247426986694336,3.5762786865234375E-4;
1.862800157,3,0.6371146253333334,2.8150081634521484,0.060002009073893234;
0.856546323,3,0.24903259433333336,2.4816195170084634,0.06810824076334634;
201.724473419,265,0.6792242664830189,1.9532212671243927,0.6113007383526491;
0.727943488,2,0.372455538,3.4406185150146484,2.384185791015625E-4;
0.847381308,3,0.25129265166666664,2.564032872517904,0.06890296936035156;
1.200779376,2,0.6645115595,6.606459617614746,2.384185791015625E-4;
0.759878283,2,0.29748052700000005,8.053183555603027,2.384185791015625E-4;
0.442509391,2,0.251242243,4.648447036743164,2.384185791015625E-4;
;
3.4678553,9,0.24245181355555553,1.7267068227132163,0.1404285430908203;
1.439819698,2,0.7941848785000001,7.103085517883301,2.384185791015625E-4;
1.259726176,4,0.29728983324999997,2.101898193359375,0.09018182754516602;
0.900156364,2,0.5333677785,7.041454315185547,2.384185791015625E-4;
6.825191676,14,0.2475211509285714,1.777972493852888,0.15836102621895926;
0.567218966,2,0.39111439299999995,2.758502960205078,2.384185791015625E-4;
;
0.78355885,2,0.4019888275,3.352642059326172,2.384185791015625E-4;
1.133374178,2,0.6568641479999999,7.075309753417969,2.384185791015625E-4;
1.536811008,6,0.1429304125,1.5775362650553386,0.08889039357503255;
5.353803134,13,0.1700331173076923,1.469575441800631,0.15570567204402044;
1.851195513,3,0.6310709563333333,2.59248415629069,0.05968411763509114;
1.818223111,3,0.621392372,2.796808878580729,0.062465667724609375;
0.76132199,2,0.3901443595,3.4772157669067383,2.384185791015625E-4;
0.9205631,3,0.24655082399999997,2.5295416514078775,0.09584426879882812;
3.282285703,10,0.21631909929999998,1.446353064643012,0.16207165188259548;
0.448366111,2,0.275162551,2.9115676879882812,4.76837158203125E-4;
5.311526043,13,0.16643040053846153,1.5313992133507361,0.158236576960637;
2.595372852,9,0.15273999088888887,1.3569990793863933,0.10191069708930121;
0.425631985,2,0.256387823,4.961490631103516,4.76837158203125E-4;
4.080774167,13,0.1685258940769231,1.6599618471585786,0.15500875619741586;
0.588443392,2,0.34381598999999996,4.089474678039551,2.384185791015625E-4;
5.637231962,13,0.16958911053846154,1.5349204723651593,0.15343152559720555;
1.875502253,3,0.640958031,2.8465588887532554,0.059207280476888016;
1.222432841,2,0.7436729975,7.222652435302734,3.5762786865234375E-4;
;
1.091437779,2,0.6113881715,7.569074630737305,2.384185791015625E-4;
3.707245046,10,0.22328146549999997,1.7753124237060545,0.14886856079101562;
1.376903528,2,0.7537370589999999,6.697416305541992,2.384185791015625E-4;
0.926171097,3,0.24845624566666666,2.5475025177001953,0.06755193074544272;
2.177959888,5,0.34965781580000005,4.335546493530273,0.5298614501953125;
1.383278001,2,0.7559899240000001,7.0601701736450195,2.384185791015625E-4;
5.265930574,13,0.1700416787692308,1.5929662264310398,0.1575946807861328;
0.573508141,2,0.3385076065,4.122734069824219,2.384185791015625E-4;
0.736713123,2,0.434116217,6.764531135559082,3.5762786865234375E-4;
0.813591846,3,0.24901056033333335,2.479394276936849,0.06898244222005209;
0.432890761,2,0.2498652675,3.90625,2.384185791015625E-4;
0.578655105,2,0.32365944550000003,4.555702209472656,2.384185791015625E-4;
1.110711906,2,0.613809676,6.951093673706055,2.384185791015625E-4;
2.414324141,9,0.1480565901111111,1.3934241400824652,0.1049041748046875;
0.431006712,2,0.250371591,2.7878284454345703,3.5762786865234375E-4;
4.570033103,13,0.16635717507692305,1.5155718876765325,0.1608408414400541;
0.441934155,2,0.26781321300000005,4.991292953491211,2.384185791015625E-4;
3.444344415,9,0.24001176288888892,1.697328355577257,0.14575322469075522;
1.718475765,3,0.5833939563333334,3.3860206604003906,0.10291735331217447;
4.738748548,13,0.17080988884615383,1.431593528160682,0.1569344447209285;
1.56205103,6,0.14623387249999997,1.570264498392741,0.08749961853027344;
1.443211336,6,0.14841067949999998,1.6158024470011394,0.10526180267333984;
5.259148077,13,0.16739229176923076,1.4973787161020133,0.1570261441744291;
0.981141412,2,0.469810258,4.447817802429199,2.384185791015625E-4;
0.433422352,2,0.24509505850000002,2.7501583099365234,2.384185791015625E-4;
1.627518292,3,0.5520513770000001,3.4109751383463545,0.10498364766438803;
0.830351487,3,0.25308622533333336,2.6572545369466147,0.06937980651855469;
0.443577973,2,0.247802098,3.4470558166503906,3.5762786865234375E-4;
2.220647905,5,0.342510581,4.682731628417969,0.5350589752197266;
4.455631777,12,0.17689951158333334,1.6170740127563477,0.15997886657714844;
1.128679236,2,0.6234738879999999,6.327986717224121,3.5762786865234375E-4;
1.384320898,6,0.14365696883333334,1.6169945398966472,0.09131431579589844;
1.473355077,6,0.14725130316666665,1.5977223714192708,0.08428096771240234;
;
0.534508695,2,0.364231801,3.9014816284179688,2.384185791015625E-4;
10.573665869,21,0.17178644004761906,1.4186927250453403,0.17993790762765063;
1.724996159,2,1.0057771825000001,6.397128105163574,2.384185791015625E-4;
85.577665698,123,0.5634086458373984,2.524684115153987,1.1507282412149074;
;
2.116142629,6,0.2505163693333333,4.4487714767456055,0.5966027577718099;
3.07072892,6,0.3921149761666667,4.195412000020345,0.5921522776285807;
1.11329341,2,0.6364362015,7.015109062194824,2.384185791015625E-4;
1.45959196,2,0.7401775515,5.055427551269531,4.76837158203125E-4;
1.035768464,2,0.5789123844999999,7.034778594970703,4.76837158203125E-4;
59.410959071,51,1.0485480022941178,2.6719944149840114,1.13832249360926;
1.113036378,2,0.6102882395,6.454348564147949,4.76837158203125E-4;
4.225525891,13,0.17103378015384615,1.5556995685283956,0.15939199007474458;
5.018361989,13,0.16958666984615384,1.5741494985727162,0.1515791966364934;
1.525441138,6,0.14638310216666667,1.755833625793457,0.09258588155110677;
1.901694406,3,0.6580288360000001,2.4788379669189453,0.06008148193359375;
0.450962247,2,0.2706757595,3.8132667541503906,2.384185791015625E-4;
2.108155309,5,0.34636876299999997,4.472541809082031,0.5391120910644531;
0.461584546,2,0.282584133,4.070043563842773,3.5762786865234375E-4;
1.516281579,2,0.9079325805,7.447600364685059,3.5762786865234375E-4;
;
2.006870186,3,0.6596164893333334,3.5063425699869795,0.1033941904703776;
0.759672224,2,0.404452335,3.4830570220947266,2.384185791015625E-4;
1.924295346,3,0.6525326296666667,2.6192665100097656,0.060002009073893234;
1.105595659,2,0.647158913,7.527828216552734,2.384185791015625E-4;
0.558835179,2,0.3210944865,4.354000091552734,2.384185791015625E-4;
1.443175433,7,0.1267786682857143,1.5289102281842912,0.10476793561662946;
1.922873147,3,0.6453196746666666,2.6703675587972007,0.0591278076171875;
2.469319409,9,0.14910927244444444,1.3511180877685547,0.10228157043457031;
87.460845059,123,0.5618975055853658,2.5884077800967824,1.1694547606677543;
1.863296178,3,0.6150454196666666,3.388643264770508,0.10124842325846353;
;
3.411438953,10,0.2221583348,1.7448425292968752,0.14426708221435547;
1.443878543,3,0.433998971,16.03388786315918,0.3254413604736328;
1.82475933,3,0.6049021793333333,3.458261489868164,0.10498364766438803;
1.13567471,2,0.6766893905,7.990002632141113,3.5762786865234375E-4;
87.604089208,197,0.28591099606091364,2.6086889547744985,1.2112486786043581;
3.67563696,11,0.20346959890909092,1.6887404701926492,0.14563040299849075;
0.975470191,2,0.46761667500000004,4.538893699645996,2.384185791015625E-4;
2.469862154,3,0.8378251966666667,3.3516089121500654,0.10442733764648438;
1.127698446,2,0.6615897975,7.184147834777832,3.5762786865234375E-4;
0.424902884,2,0.25059018850000003,3.634929656982422,3.5762786865234375E-4;
0.547948685,2,0.3752068765,4.4078826904296875,4.76837158203125E-4;
1.684970124,3,0.5652033700000001,3.7420590718587237,0.11388460795084634;
0.503118878,2,0.2080471365,3.5126209259033203,3.5762786865234375E-4;
0.968594187,2,0.4571546005,4.701018333435059,2.384185791015625E-4;
4.110323213,13,0.17045443315384612,1.5480334942157452,0.15245951139009917;
1.853387107,3,0.6342132253333334,2.909501393636068,0.06031990051269531;
1.897880765,3,0.6573606976666667,2.8727849324544272,0.059922536214192704;
0.820784867,2,0.40368007699999997,3.312826156616211,2.384185791015625E-4;
5.526542878,13,0.16725125600000001,1.5504726996788611,0.1510473398061899;
0.319339651,2,0.1365432265,3.3254623413085938,4.76837158203125E-4;
;
0.42535815,2,0.248401659,4.071235656738281,3.5762786865234375E-4;
87.412155279,123,0.5651346983739837,2.5840910469613427,1.1549151040674226;
;
0.572145818,2,0.33548175999999996,4.110813140869141,3.5762786865234375E-4;
0.428649586,2,0.2605849515,4.409909248352051,2.384185791015625E-4;
36.805109076,30,0.10790936841379312,1.2091000874837243,0.22571881612141928;
59.461913279,51,1.0484410788039213,2.795696258544922,1.1431563134286917;
2.197747566,4,0.46691599775000003,5.06281852722168,0.4658699035644531;
3.086712257,9,0.24532885111111113,1.8537574344211154,0.14988581339518228;
0.584219436,2,0.3482526555,4.03594970703125,2.384185791015625E-4;
1.129615759,2,0.6479964819999999,7.102012634277344,2.384185791015625E-4;
152.325044483,137,0.9615474744233578,2.5388028499853874,1.1695579890787158;
1.103621415,2,0.6153864824999999,6.761670112609863,4.76837158203125E-4;
0.451336488,2,0.2474848515,3.2852888107299805,2.384185791015625E-4;
0.443225493,2,0.249638439,2.825021743774414,2.384185791015625E-4;
2.517505545,9,0.15113051677777778,1.592662599351671,0.1079771253797743;
85.704217333,123,0.5613320750487805,2.498483270164428,1.155190351532727;
;
5.590940987,13,0.16754496684615386,1.660622083223783,0.15532053433931792;
3.431869104,10,0.22567393219999998,1.666569709777832,0.15959739685058594;
1.644269647,3,0.5622236306666667,3.7241776784261065,0.10315577189127603;
5.014495185,13,0.16804535207692306,1.5070254986102765,0.15499041630671573;
0.571332772,2,0.388916579,2.7878284454345703,2.384185791015625E-4;
0.453253619,2,0.2896290075,6.102800369262695,2.384185791015625E-4;
151.911591339,137,0.9588720922627735,2.49786446564389,1.157981635880296;
3.621789791,10,0.22109416990000003,1.7353296279907227,0.1518964767456055;
2.497197544,9,0.1500268297777778,1.382483376397027,0.10646714104546441;
0.802816191,2,0.408040026,3.7404298782348633,3.5762786865234375E-4;
0.311418445,2,0.134863527,3.876209259033203,2.384185791015625E-4;
0.409182872,2,0.177656181,4.757523536682129,3.5762786865234375E-4;
0.324977726,2,0.143723978,5.221128463745117,2.384185791015625E-4;
1.832947754,3,0.62469285,2.5583902994791665,0.05817413330078125;
0.738559393,2,0.29743107300000005,8.112549781799316,2.384185791015625E-4;
1.876140232,3,0.6296919363333333,2.6456514994303384,0.060240427652994796;
0.451904217,2,0.274563514,5.271434783935547,4.76837158203125E-4;
3.074914517,6,0.386288933,4.39302126566569,0.6030003229777018;
5.71603835,13,0.17535491684615384,1.4756642855130708,0.15438519991361177;
1.667728589,2,0.8832763770000001,4.555106163024902,3.5762786865234375E-4;
0.405900819,2,0.17676651399999999,4.171013832092285,3.5762786865234375E-4;
;
1.894198589,3,0.6475692066666666,3.230174382527669,0.05880991617838542;
0.956227601,2,0.5594874910000001,7.243990898132324,2.384185791015625E-4;
5.317074466,13,0.16757194853846155,1.5023304865910458,0.15653096712552586;
0.809070799,2,0.405940352,4.475831985473633,1.1920928955078125E-4;
1.681529648,2,0.9775138669999999,6.405949592590332,2.384185791015625E-4;
0.444961832,2,0.261327379,3.9429664611816406,3.5762786865234375E-4;
0.584964462,2,0.340360313,4.872322082519531,4.76837158203125E-4;
0.432572838,2,0.264051472,4.846334457397461,2.384185791015625E-4;
0.823402515,3,0.26227359366666664,2.6056766510009766,0.06365776062011719;
1.098566947,2,0.6338740905,6.922245025634766,2.384185791015625E-4;
86.802184299,123,0.5634857920731708,2.505938212076822,1.1597416265224059;
1.385071543,4,0.294121329,2.1981000900268555,0.10138750076293945;
0.460978054,2,0.2792867065,4.901885986328125,2.384185791015625E-4;
0.79922184,2,0.405667428,3.4003257751464844,3.5762786865234375E-4;
0.422763879,2,0.2476144335,5.90968132019043,2.384185791015625E-4;
1.520141957,2,0.827009462,6.528377532958984,2.384185791015625E-4;
1.874300362,3,0.6425745453333334,2.9571851094563804,0.060955683390299484;
99.489076672,128,0.6775823486250003,2.0178146660327916,0.6023123860359187;
5.040104556,13,0.16424463607692308,1.548877129187951,0.15302804800180286;
1.106511576,2,0.6301606725,6.949901580810547,2.384185791015625E-4;
0.744989929,3,0.23730717500000004,2.4902025858561196,0.059286753336588546;
1.32393623,2,0.8000564335,7.372736930847168,2.384185791015625E-4;
0.786687511,2,0.389955678,3.510713577270508,2.384185791015625E-4;
1.852222838,3,0.6258496963333333,2.8435389200846353,0.06230672200520833;
1.900995807,3,0.628273285,3.6725997924804688,0.10458628336588541;
0.457576639,2,0.283864524,4.984140396118164,2.384185791015625E-4;
0.73420492,3,0.24858297000000001,2.8392473856608076,0.06604194641113281;
2.176934173,6,0.24934347300000004,4.141569137573242,0.6018479665120443;
2.522980241,9,0.14914778422222225,1.3567341698540583,0.10469224717881943;
4.694845589,13,0.16647390630769235,1.6343960395226111,0.15610914963942307;
0.581988579,2,0.337964697,4.227042198181152,2.384185791015625E-4;
0.451983981,2,0.28002795550000004,3.849029541015625,3.5762786865234375E-4;
0.528761848,2,0.21573927199999998,3.216385841369629,2.384185791015625E-4;
83.213346578,48,1.624237080875,2.794593572616577,1.1390298604965212;
0.838053222,3,0.24407039766666663,2.461592356363932,0.06222724914550781;
1.851352862,4,0.387217105,5.087435245513916,0.44041872024536133;
96.596370521,128,0.6749853026250001,1.9842330366373067,0.6093494594097137;
1.569819472,3,0.536553184,3.6724408467610674,0.10474522908528647;
;
;
1.251753912,2,0.9948355625,667.8930521011353,3.5762786865234375E-4;
5.871294182,13,0.21850747330769232,55.045586365919846,0.1944762009840745;
1.616000486,4,0.33999363800000004,5.278825759887695,0.4392266273498535;
1.734558221,5,0.3695707526,142.8896427154541,0.1132965087890625;
1.469537483,2,0.893523237,7.279038429260254,2.384185791015625E-4;
0.975486932,2,0.45774069500000003,5.116939544677734,2.384185791015625E-4;
3.645703977,10,0.2333580876,1.6301393508911133,0.14078617095947266;
2.05585054,5,0.34434437219999997,4.598569869995117,0.5553722381591797;
1.107647141,2,0.621499908,6.820321083068848,2.384185791015625E-4;
0.835105003,3,0.247118756,2.577622731526693,0.06810824076334634;
1.885916049,3,0.635523136,3.770112991333008,0.10546048482259116;
0.879817713,3,0.25025430266666665,2.420186996459961,0.06580352783203125;
0.551430821,2,0.3222212915,4.1626691818237305,2.384185791015625E-4;
0.527243298,2,0.207327258,3.772139549255371,3.5762786865234375E-4;
0.572624562,2,0.3296711615,4.183769226074219,2.384185791015625E-4;
1.311414361,2,0.7894398405,6.7348480224609375,2.384185791015625E-4;
0.424123651,2,0.249053873,3.8299560546875,2.384185791015625E-4;
1.877309104,3,0.6330638753333334,2.6973088582356772,0.06047884623209636;
5.261323839,13,0.17372022476923077,1.45416993361253,0.152441171499399;
0.44772784,2,0.2726434875,6.052494049072266,4.76837158203125E-4;
1.875683254,3,0.6408538163333333,2.610365549723307,0.06580352783203125;
0.764420865,2,0.295654514,8.213520050048828,2.384185791015625E-4;
1.47604611,4,0.31731922300000004,5.013465881347656,0.4398822784423828;
0.552757722,2,0.2065824355,3.5102367401123047,4.76837158203125E-4;
150.388344521,197,0.6805865141167512,2.066756262997081,0.6192856028600395;
0.826414187,2,0.38477118099999996,3.4908056259155273,3.5762786865234375E-4;
1.808715622,4,0.39153586100000004,5.112409591674805,0.4413127899169922;
1.490751528,4,0.32083119375,5.138099193572998,0.452578067779541;
2.497198702,3,0.8441884813333334,3.464221954345703,0.10426839192708334;
4.131779304,13,0.16875376530769232,1.5155718876765323,0.15293634854830226;
0.474575759,2,0.2736750175,3.6890506744384766,2.384185791015625E-4;
1.061492038,2,0.629534541,7.749319076538086,2.384185791015625E-4;
1.031326305,2,0.6046074960000001,6.962299346923828,1.1920928955078125E-4;
1.572489819,6,0.14978977799999998,1.615285873413086,0.08734067281087239;
0.427585464,2,0.25109254999999997,4.656076431274414,2.384185791015625E-4;
0.755110128,2,0.3908877615,3.27455997467041,2.384185791015625E-4;
0.731940274,2,0.3800058545,3.330111503601074,2.384185791015625E-4;
100.058959605,131,0.6790739949770994,2.007144098063461,0.6102623830314814;
1.937229882,3,0.6600067286666667,2.495447794596354,0.060955683390299484;
0.891892314,2,0.528744845,7.232308387756348,4.76837158203125E-4;
2.37459569,4,0.47271331125000005,5.280435085296631,0.4431605339050293;
1.058876311,2,0.6231742985,7.803678512573242,2.384185791015625E-4;
83.294405265,48,1.6288876573958333,2.8124650319417333,1.1474440495173133;
0.555943095,2,0.3231776125,4.175066947937012,3.5762786865234375E-4;
0.430373778,2,0.2417340705,3.246188163757324,3.5762786865234375E-4;
1.934196422,3,0.6686109029999999,2.577622731526693,0.06167093912760417;
1.877246405,3,0.6420677133333333,2.628326416015625,0.06127357482910156;
60.49538107,82,0.6695128625365853,2.052615328532894,0.6062170354331413;
1.428678812,2,0.7378229255,4.649162292480469,3.5762786865234375E-4;
1.705983198,2,1.0057605244999999,6.709575653076172,3.5762786865234375E-4;
153.804702292,137,0.9670108448321164,2.7485816148075757,1.1867867769116034;
1.418126433,2,0.7774254595000001,6.559491157531738,1.1920928955078125E-4;
1.119607985,2,0.6256751060000001,7.021665573120117,2.384185791015625E-4;
;
5.246958049,13,0.17447690169230767,1.5980830559363732,0.15486203707181492;
;
;
3.05272785,6,0.38806928383333333,4.156072934468587,0.620881716410319;
2.295037725,7,0.16143155371428572,1.527706782023112,0.1541773478190104;
0.588282397,2,0.345805831,4.122495651245117,2.384185791015625E-4;
0.548204241,2,0.38796563949999996,2.6040077209472656,2.384185791015625E-4;
0.568436904,2,0.31171209099999997,4.265785217285156,3.5762786865234375E-4;
1.097929598,2,0.60825393,6.610512733459473,3.5762786865234375E-4;
0.845715004,3,0.2598515423333333,2.677440643310547,0.0667572021484375;
3.409827409,9,0.23734510699999997,1.4093220233917236,0.16033649444580078;
3.16669191,9,0.2467748301111111,1.5216469764709473,0.1373291015625;
0.433558494,2,0.2694716755,3.7033557891845703,2.384185791015625E-4;
0.609914827,2,0.3488280525,4.106879234313965,2.384185791015625E-4;
1.108728229,2,0.6401017485,7.313251495361328,2.384185791015625E-4;
0.799211917,2,0.5075595095000001,4.1474103927612305,3.5762786865234375E-4;
2.869454518,6,0.38345327883333336,3.981987635294596,0.5969603856404623;
5.292152156,13,0.1712755006923077,1.616789744450496,0.15783309936523438;
1.842405351,3,0.6078887773333335,3.8582483927408857,0.10371208190917969;
91.756804871,123,0.5768747010406503,2.59029962183014,1.2030504583343258;
1.866629938,3,0.628618439,3.094593683878581,0.062465667724609375;
0.801271541,3,0.26478575433333335,2.9141902923583984,0.06667772928873697;
0.589960506,2,0.33210026299999995,4.36246395111084,2.384185791015625E-4;
0.427681026,2,0.244232969,2.8793811798095703,2.384185791015625E-4;
0.452987293,2,0.255760164,2.969980239868164,2.384185791015625E-4;
0.447842655,2,0.255578392,5.008935928344727,2.384185791015625E-4;
1.828260163,3,0.6229882023333333,2.6693344116210938,0.060240427652994796;
0.79844427,2,0.5189284565000001,4.465699195861816,2.384185791015625E-4;
0.442497308,2,0.241365685,4.105091094970703,2.384185791015625E-4;
1.449519841,2,0.8669608584999999,7.050871849060059,4.76837158203125E-4;
1.397979052,6,0.151740962,1.462419827779134,0.08801619211832683;
0.915422444,3,0.2650336033333333,2.7201970418294272,0.07216135660807291;
4.805891968,13,0.16891132907692305,1.648847873394306,0.1520376939039964;
0.812577559,2,0.41464640799999997,3.940105438232422,2.384185791015625E-4;
1.843878585,3,0.626708225,2.789100011189779,0.06031990051269531;
86.630292181,123,0.5641668607317074,2.54931100984899,1.16955167878934;
2.243427042,5,0.35993358000000003,4.4399261474609375,0.5313873291015625;
2.037363341,3,0.6776311866666667,3.443002700805664,0.1033941904703776;
0.590112635,2,0.346309941,4.130363464355469,2.384185791015625E-4;
0.732552628,2,0.386376264,3.4189224243164062,3.5762786865234375E-4;
2.169454265,5,0.34692832760000003,4.593181610107422,0.5509853363037109;
1.890686486,3,0.6452011993333334,2.6886463165283203,0.08980433146158853;
0.852276712,3,0.255798151,2.528985341389974,0.06532669067382812;
1.840938352,3,0.5877518989999999,3.4707387288411455,0.10418891906738281;
;
;
2.959223504,6,0.486686418,235.55394013722739,0.6721417109171549;
1.164796,2,0.6952439675000001,340.2717113494873,3.5762786865234375E-4;
5.596571438,13,0.1760433903846154,1.5314725729135366,0.16291324908916766;
87.451805933,123,0.5690752962926828,8.03039713603695,1.1480784997707458;
6.662891031,14,0.2466494047857143,1.7839499882289342,0.15332017626081196;
0.4364762,2,0.2678950375,4.839658737182617,3.5762786865234375E-4;
1.488934212,4,0.3168409165,5.558192729949951,0.4404783248901367;
0.539685112,2,0.206878956,4.049062728881836,2.384185791015625E-4;
0.436182425,2,0.26095752549999995,3.287792205810547,3.5762786865234375E-4;
0.570900583,2,0.3324367925,4.106283187866211,2.384185791015625E-4;
3.570274586,9,0.23645653344444442,1.5183091163635254,0.14582276344299316;
0.429468441,2,0.25716678000000004,4.007101058959961,2.384185791015625E-4;
1.122207001,2,0.634343953,6.363034248352051,2.384185791015625E-4;
3.519306017,10,0.21888523839999996,1.6234636306762695,0.14178752899169925;
60.642847359,82,0.667814860329268,2.030503459093048,0.5983434072354945;
0.821877181,3,0.24368067166666668,2.859989802042643,0.06500879923502603;
0.558906594,2,0.38622355649999995,4.7817230224609375,4.76837158203125E-4;
0.553516494,2,0.3228066585,4.006147384643555,2.384185791015625E-4;
3.087534896,6,0.38488638733333336,4.1128794352213545,0.5919535954793295;
0.896840438,4,0.110213816,1.8631219863891602,0.06365776062011719;
1.823536057,3,0.5894548956666666,3.4711360931396484,0.102996826171875;
1.524497516,6,0.14303791433333332,1.6213258107503254,0.08900960286458333;
0.457309308,2,0.27343244050000004,4.685163497924805,2.384185791015625E-4;
0.752437126,2,0.3915557905,3.3884048461914062,3.5762786865234375E-4;
1.86095826,3,0.627403485,2.636114756266276,0.059207280476888016;
0.577297407,2,0.340475794,4.4394731521606445,3.5762786865234375E-4;
1.340383874,4,0.29958514925,2.6769042015075684,0.09256601333618164;
1.849019023,3,0.636886417,2.58787473042806,0.062147776285807296;
4.956762264,13,0.16578701938461538,1.6716626974252555,0.15161587641789362;
1.526450472,6,0.14599400866666667,1.5047788619995117,0.08900960286458333;
0.564804611,2,0.3275325295,3.952145576477051,4.76837158203125E-4;
1.411708183,2,0.7835753175,6.287097930908203,2.384185791015625E-4;
6.86884866,14,0.24359939421428572,1.4985629490443637,0.1566239765712193;
1.321545578,6,0.1481024315,1.5871524810791016,0.087738037109375;
0.431347559,2,0.25945474150000003,4.947900772094727,2.384185791015625E-4;
1.817200597,3,0.614748391,2.636591593424479,0.05944569905598958;
;
1.117131567,3,0.39263349466666664,2.518892288208008,0.06103515625;
3.36374514,9,0.2378253422222222,1.36566162109375,0.15667080879211426;
79.895958383,107,0.6740623282523361,1.9269279230420837,0.5956208594491548;
1.524519026,6,0.14544918283333333,1.6269683837890625,0.08515516916910808;
0.576820342,2,0.339131228,4.1130781173706055,3.5762786865234375E-4;
4.504763443,11,0.2055439665454545,1.6611272638494319,0.14875151894309302;
0.729347848,2,0.43021037799999995,6.608247756958008,2.384185791015625E-4;
1.205136318,2,0.7299371774999999,7.292985916137695,2.384185791015625E-4;
0.833545314,3,0.253102629,2.675930658976237,0.06874402364095053;
0.447010676,2,0.256410439,2.6569366455078125,2.384185791015625E-4;
1.82006207,3,0.613783203,2.5753180185953775,0.05944569905598958;
1.834246817,3,0.634819107,2.5960604349772134,0.06031990051269531;
1.917965546,3,0.6550153153333333,2.787033716837565,0.062465667724609375;
1.915637209,3,0.6221865573333333,3.5208066304524737,0.10410944620768228;
89.141044911,123,0.5623981907317073,2.5312726090594033,1.1521587526895167;
;
0.564500825,2,0.3203437625,4.179716110229492,2.384185791015625E-4;
0.434159007,2,0.25333156,2.735614776611328,2.384185791015625E-4;
1.110162763,3,0.3900994156666667,2.5801658630371094,0.06310145060221353;
0.421973024,2,0.242904389,3.7078857421875,2.384185791015625E-4;
0.385668313,2,0.177834078,4.295945167541504,3.5762786865234375E-4;
;
0.782025717,2,0.2947581535,8.620858192443848,4.76837158203125E-4;
1.091564944,2,0.6243187809999999,7.335901260375977,4.76837158203125E-4;
1.657856677,2,0.9674996865000001,6.38127326965332,3.5762786865234375E-4;
0.449179027,2,0.266325064,2.854585647583008,2.384185791015625E-4;
1.465250834,6,0.148607978,1.520236333211263,0.08618831634521484;
5.12347803,13,0.16856504207692308,1.487915332500751,0.16027230482835036;
1.867669712,3,0.6408699016666667,2.576907475789388,0.06071726481119792;
1.628254223,4,0.34950691725,5.009710788726807,0.4509091377258301;
0.58462607,2,0.3315055035,4.028081893920898,2.384185791015625E-4;
0.89765436,3,0.2551171443333333,2.431790033976237,0.0652472178141276;
1.587583457,6,0.141620057,1.6239086786905925,0.09008248647054036;
0.445428755,2,0.25514566299999997,2.7408599853515625,3.5762786865234375E-4;
4.605358197,12,0.175326192,1.5706817309061687,0.15079975128173828;
0.592055704,2,0.3443196425,4.209041595458984,2.384185791015625E-4;
0.57061704,2,0.384886683,3.413677215576172,7.152557373046875E-4;
0.749413067,2,0.2884214475,7.757782936096191,3.5762786865234375E-4;
60.306712832,82,0.6642581606951221,2.0316257709410133,0.5975990760617139;
1.348306055,4,0.28707113525,2.1455883979797363,0.09012222290039062;
1.100473032,2,0.643121093,7.028460502624512,2.384185791015625E-4;
0.427834912,2,0.24478950700000002,3.999471664428711,2.384185791015625E-4;
1.440422432,2,0.857433231,6.99460506439209,3.5762786865234375E-4;
1.861423938,3,0.6111353376666667,3.461599349975586,0.10418891906738281;
0.450073779,2,0.26387538850000003,3.215670585632324,2.384185791015625E-4;
2.209650914,4,0.4720356385,5.175530910491943,0.4488229751586914;
;
1.812041796,3,0.6180001570000001,2.609093983968099,0.06031990051269531;
0.441828865,2,0.2556581365,4.044294357299805,4.76837158203125E-4;
0.438595599,2,0.2601237785,4.465579986572266,4.76837158203125E-4;
;
;
;
88.768469119,123,0.5743018076341465,13.719275714905276,1.1591426725310043;
1.306121446,3,0.46307178899999996,236.68487866719565,0.06071726481119792;
6.173680178,14,0.2961369332857143,52.789040974208284,0.15504019601004465;
1.307700422,2,0.7912216395,7.38835334777832,3.5762786865234375E-4;
1.874201027,3,0.6376974833333333,2.596775690714518,0.05857149759928386;
1.557978694,7,0.13015881314285713,1.6074180603027344,0.09659358433314733;
0.59379614,2,0.3549082045,4.599571228027344,2.384185791015625E-4;
99.015982085,131,0.6764804284503818,1.995883825171084,0.608913771068777;
1.72689899,3,0.558744244,3.509839375813802,0.10331471761067709;
149.309551993,197,0.6770887187461927,1.977158076872076,0.6078318290904091;
1.907683051,3,0.6345797723333333,2.671957015991211,0.059604644775390625;
1.591170535,4,0.332118966,8.263051509857178,0.4284977912902832;
0.817935706,3,0.25233331200000003,2.5366942087809243,0.06779034932454428;
0.575970934,2,0.3201274045,4.212617874145508,2.384185791015625E-4;
1.532090421,2,0.7709474000000001,4.508376121520996,2.384185791015625E-4;
1.34158999,2,0.7278161704999999,7.180452346801758,2.384185791015625E-4;
0.575437883,2,0.336722216,4.061102867126465,2.384185791015625E-4;
1.246926483,4,0.29829647125000003,2.6102662086486816,0.08994340896606445;
3.308784312,10,0.2177749647,1.6729354858398438,0.1447916030883789;
1.232949677,2,0.7453127005,7.251262664794922,2.384185791015625E-4;
5.170502262,13,0.1677529856923077,1.5468964209923377,0.1522394327016977;
153.018208421,197,0.679818063994924,1.9731945192753362,0.6093990984301881;
199.14019237,265,0.673574646886792,1.9336583479395444,0.6136345413495907;
0.434697121,2,0.25715286699999995,2.9175281524658203,4.76837158203125E-4;
4.955226617,13,0.1634853986923077,1.599311828613281,0.15216607313889724;
0.391818908,2,0.17940412049999999,4.037022590637207,3.5762786865234375E-4;
0.755314399,2,0.39576720649999997,3.4302473068237305,2.384185791015625E-4;
1.040321126,2,0.4869677805,3.8558244705200195,2.384185791015625E-4;
0.417017406,2,0.2491240605,4.609584808349609,3.5762786865234375E-4;
;
5.177542591,13,0.16749323723076923,1.6605670635516825,0.15878677368164065;
1.613175521,5,0.2227120552,2.1604537963867188,0.10762214660644531;
101.772633524,131,0.678027847961832,1.9951194297266361,0.6072230011452242;
1.470700494,2,0.7983174749999999,7.005810737609863,3.5762786865234375E-4;
1.653309761,5,0.2196621112,2.1051883697509766,0.10828971862792969;
0.91271057,3,0.26086385033333337,2.4967193603515625,0.06961822509765625;
153.08331918,137,0.9622995048321168,2.537692550325047,1.1682667001320495;
1.833655888,3,0.5968940246666666,3.4936269124348955,0.10728836059570312;
0.910956773,3,0.24774196499999998,2.4671554565429688,0.06628036499023438;
;
1.457474187,2,0.7388412664999999,4.609465599060059,3.5762786865234375E-4;
0.440006064,2,0.2586585125,4.044771194458008,2.384185791015625E-4;
0.450666084,2,0.2681366945,3.8836002349853516,2.384185791015625E-4;
0.570807736,2,0.33706782,4.385232925415039,3.5762786865234375E-4;
1.557224745,4,0.3276533215,5.1070451736450195,0.48661231994628906;
0.804635508,2,0.429984639,18.207788467407227,2.384185791015625E-4;
;
1.072414397,2,0.611568782,7.094144821166992,2.384185791015625E-4;
1.484524346,6,0.145584277,1.5908877054850261,0.08881092071533203;
1.105908191,2,0.6442774065,7.478117942810059,5.960464477539062E-4;
0.54217668,2,0.372353872,4.170775413513184,3.5762786865234375E-4;
0.420661265,2,0.25024996050000003,3.457784652709961,4.76837158203125E-4;
0.835878353,3,0.243660386,2.397298812866211,0.064849853515625;
0.57942096,2,0.3236019295,4.714369773864746,2.384185791015625E-4;
1.670956536,7,0.13604161414285712,1.5015602111816406,0.09710448128836496;
0.45131499,2,0.27716391399999996,4.401564598083496,3.5762786865234375E-4;
;
0.868842397,3,0.25288559233333335,2.563635508219401,0.06747245788574219;
203.236834495,265,0.6816871015962269,1.9588317511216642,0.6156975368283828;
2.297330123,4,0.47168855175,5.4444074630737305,0.45996904373168945;
1.356174861,2,0.7430717775,6.457686424255371,3.5762786865234375E-4;
1.525161284,2,0.82830193,8.55255126953125,3.5762786865234375E-4;
3.697408496,11,0.21050412154545453,1.4206647872924807,0.14979189092462716;
4.884774273,13,0.1656333316153846,1.4430376199575572,0.1504971430851863;
1.369885039,6,0.14650431966666666,1.492937405904134,0.08443991343180339;
1.044987699,2,0.5986997685,7.074713706970215,2.384185791015625E-4;
4.342487729,13,0.16960900223076922,1.4716295095590444,0.15499041630671573;
5.145426704,13,0.17009498907692305,1.5001296997070312,0.1546052786020132;
0.448942934,2,0.269269635,5.191326141357422,4.76837158203125E-4;
0.76651339,3,0.2510609263333333,2.7783711751302085,0.06047884623209636;
5.819105853,13,0.1752674491538462,1.5364426832932692,0.15236781193659857;
3.628095135,10,0.22631270159999994,1.6042709350585938,0.1465320587158203;
3.135417426,10,0.22126048210000002,1.6478776931762695,0.15497207641601562;
0.561219169,2,0.3258141655,3.9098262786865234,2.384185791015625E-4;
1.594940595,4,0.33462270424999996,5.255162715911865,0.4334449768066406;
1.566617395,3,0.53495453,3.32180658976237,0.10132789611816406;
0.900293235,3,0.25916597,2.441962560017904,0.06842613220214844;
0.551826881,2,0.316408695,4.074335098266602,2.384185791015625E-4;
1.238496801,4,0.28785388500000003,2.136111259460449,0.0890493392944336;
4.826218958,12,0.18366879666666663,1.5826821327209473,0.16099214553833008;
1.443687808,6,0.14539835966666667,1.5444358189900715,0.09051958719889323;
1.145593759,3,0.400256252,2.5904973347981772,0.06365776062011719;
0.768449617,2,0.3835358725,3.468632698059082,3.5762786865234375E-4;
1.432393644,7,0.12849765557142856,1.4272757938929965,0.09591238839285715;
0.417871668,2,0.24972449949999997,5.080461502075195,2.384185791015625E-4;
1.771837044,4,0.38008394025000003,5.224406719207764,0.4495978355407715;
2.15949024,3,0.7214699833333333,3.325939178466797,0.10251998901367188;
63.692311273,82,0.6729102892195121,2.0169019699096666,0.598831874568288;
4.997635928,13,0.16609970423076925,1.5026239248422475,0.15744796166053185;
;
0.550964073,2,0.38022973250000003,5.819082260131836,2.384185791015625E-4;
6.477007906,14,0.2448119437142856,1.5273775373186382,0.15343938555036274;
3.571301819,10,0.2319554151,1.6761779785156248,0.14557838439941406;
0.575670508,2,0.332166693,4.012823104858398,2.384185791015625E-4;
0.775901963,2,0.402226027,3.444671630859375,2.384185791015625E-4;
1.076761484,2,0.605417874,6.525874137878418,3.5762786865234375E-4;
;
4.680561236,12,0.17504101883333334,1.580377419789632,0.15064080556233725;
1.881732489,3,0.6133491983333333,3.388802210489909,0.10514259338378906;
1.347718677,2,0.7430113425,6.795167922973633,2.384185791015625E-4;
0.721719321,2,0.371347918,3.4579038619995117,2.384185791015625E-4;
0.444056084,2,0.261950134,4.056692123413086,4.76837158203125E-4;
0.564071857,2,0.3404968945,4.98199462890625,3.5762786865234375E-4;
1.904503773,3,0.640388136,2.567847569783529,0.058253606160481766;
0.557683028,2,0.38857949550000004,4.9991607666015625,2.384185791015625E-4;
1.425484262,2,0.7878088225,6.496667861938477,2.384185791015625E-4;
2.225845755,6,0.24957472066666664,4.1512250900268555,0.5975166956583658;
0.574215895,2,0.3375299265,4.576325416564941,3.5762786865234375E-4;
5.033372313,13,0.16665304746153847,1.6259046701284556,0.15341318570650542;
0.425076646,2,0.255697251,3.8623809814453125,2.384185791015625E-4;
0.571140901,2,0.39138965800000003,5.040645599365234,2.384185791015625E-4;
0.444761054,2,0.259642256,2.9664039611816406,4.76837158203125E-4;
60.690996588,82,0.6663311303292683,2.008385774565906,0.5973519348516696;
0.417719356,2,0.24178332949999998,3.707408905029297,4.76837158203125E-4;
1.348466705,2,0.7382740080000001,6.478071212768555,2.384185791015625E-4;
0.424950125,2,0.24591741350000001,4.891872406005859,3.5762786865234375E-4;
3.497847715,9,0.23678417355555556,1.6500155131022136,0.14101134406195748;
1.859895643,3,0.6342197706666667,2.5690396626790366,0.059207280476888016;
1.460671534,2,0.8741891355,6.727933883666992,2.384185791015625E-4;
0.833503536,3,0.258120545,2.5734901428222656,0.06739298502604166;
99.617806231,131,0.6767560934809164,2.011910649656339,0.6060272682714098;
0.379271465,2,0.1698290925,4.245996475219727,2.384185791015625E-4;
5.588131124,13,0.17644704,1.5536455007699819,0.15970376821664664;
;
0.791593066,3,0.24613532433333335,2.4483203887939453,0.07200241088867188;
;
0.794908393,2,0.397355682,3.512263298034668,4.76837158203125E-4;
1.095251219,2,0.614931636,6.961345672607422,3.5762786865234375E-4;
0.801056812,2,0.38220082850000003,3.664255142211914,2.384185791015625E-4;
1.354081039,2,0.7476912330000001,6.90615177154541,2.384185791015625E-4;
1.573215748,6,0.14299283366666668,1.5750328699747722,0.09036064147949219;
1.502114458,2,0.7655478389999999,4.455447196960449,3.5762786865234375E-4;
1.720796819,3,0.5744396673333333,3.3320585886637373,0.10395050048828125;
1.110538628,2,0.622833629,10.020256042480469,2.384185791015625E-4;
1.853500997,3,0.63192064,2.597967783610026,0.05841255187988281;
1.587909489,6,0.1498957741666667,1.5486081441243489,0.09151299794514973;
0.322079178,2,0.13372149,3.845691680908203,2.384185791015625E-4;
1.836354811,3,0.6303093163333333,2.542416254679362,0.05880991617838542;
2.763087572,3,0.9763873906666666,2.560695012410482,0.061194101969401046;
205.33194203,265,0.6804548864981131,1.9497961368200913,0.6150236669576392;
;
6.426577414,14,0.24119139785714286,1.4761686325073242,0.15900816236223492;
59.826396215,82,0.6627395661707318,2.1265657936654434,0.5986574219494329;
110.556221572,147,0.67103190092517,1.9588843494856438,0.6064476610040987;
0.75505718,2,0.306020032,8.086085319519043,3.5762786865234375E-4;
1.8661762,3,0.6359241099999999,2.7321974436442056,0.06008148193359375;
89.22455054,123,0.5641356420000002,2.5377331710443247,1.1530872282943108;
1.371570527,4,0.29582114325000003,2.156555652618408,0.0902414321899414;
1.177341441,2,0.6595873240000001,6.462574005126953,4.76837158203125E-4;
0.81311486,3,0.24753893566666668,2.5434494018554688,0.06723403930664062;
0.437129933,2,0.2503510625,4.044532775878906,4.76837158203125E-4;
199.618902956,265,0.6755866780566042,1.9392454399252836,0.6116012357315929;
1.890975345,3,0.6268400313333333,2.6597181955973306,0.05849202473958333;
3.437270475,10,0.2221574753,1.4602608150906033,0.1472949981689453;
0.438401719,2,0.2581672235,3.9603710174560547,3.5762786865234375E-4;
0.786421379,2,0.40592909450000003,3.5153627395629883,3.5762786865234375E-4;
0.43410894,2,0.249119736,4.379391670227051,3.5762786865234375E-4;
0.41286822,2,0.24318244049999999,4.706382751464844,2.384185791015625E-4;
0.427868471,2,0.2556710815,3.8123130798339844,2.384185791015625E-4;
10.291916311,21,0.1639447440952381,1.4005729130336215,0.17667952037992932;
0.807183871,2,0.3885187365,3.513813018798828,2.384185791015625E-4;
110.087443336,147,0.6733321861972792,1.95012125028234,0.609860128285933;
0.55816573,2,0.31996941700000003,4.147887229919434,2.384185791015625E-4;
0.433444431,2,0.254880922,3.9594173431396484,3.5762786865234375E-4;
0.776373215,2,0.378672429,3.578066825866699,2.384185791015625E-4;
0.834254415,3,0.2539774573333333,2.5380452473958335,0.06794929504394531;
0.569110934,2,0.3108439885,4.109859466552734,2.384185791015625E-4;
1.552050123,4,0.325691363,12.661635875701904,0.44482946395874023;
1.56563724,3,0.5350664190000001,3.6979516347249346,0.10593732198079428;
1.084154258,2,0.6046712495,6.448984146118164,2.384185791015625E-4;
;
;
;
5.427480167,13,0.27429579299999995,106.61719395564153,0.19464126000037557;
0.453291199,2,0.2790272665,4.912376403808594,4.76837158203125E-4;
1.421885478,6,0.14492529983333333,1.6276836395263672,0.09063879648844402;
1.974631771,3,0.6696484193333333,2.587397893269857,0.059286753336588546;
0.427648797,2,0.25637595150000003,4.333734512329102,3.5762786865234375E-4;
1.88392983,3,0.6431182846666667,3.0470689137776694,0.060160954793294266;
1.744998974,3,0.5822449983333333,3.7128130594889326,0.10307629903157553;
1.936089491,3,0.6623893633333333,2.4709701538085938,0.06492932637532553;
0.568217001,2,0.39591396050000005,5.020856857299805,3.5762786865234375E-4;
1.864439097,3,0.6370714239999999,2.657175064086914,0.05857149759928386;
0.445990996,2,0.27512933500000003,5.068778991699219,2.384185791015625E-4;
0.590169264,2,0.34502789749999996,4.279136657714844,5.960464477539062E-4;
0.492974142,2,0.228597706,3.380298614501953,1.1920928955078125E-4;
4.338122917,13,0.16970254846153848,1.5561580657958984,0.15365160428560698;
0.438547622,2,0.2658546255,3.808736801147461,2.384185791015625E-4;
1.604567625,7,0.130294448,1.621178218296596,0.10568755013602121;
100.339944949,131,0.6780225546946562,2.0427940456011835,0.6043983779790748;
1.855362718,3,0.628121264,2.6137828826904297,0.05968411763509114;
1.376335855,3,0.4188115456666667,6.175518035888672,0.3151893615722656;
0.720697366,2,0.416553082,6.49416446685791,3.5762786865234375E-4;
1.202616749,2,0.6840172945,6.852388381958008,2.384185791015625E-4;
1.047280718,2,0.6250936985,7.28917121887207,1.1920928955078125E-4;
1.297774425,2,0.774025169,6.5822601318359375,3.5762786865234375E-4;
1.466824089,2,0.8836233165,7.378697395324707,3.5762786865234375E-4;
0.84104952,3,0.26592278700000005,2.5862852732340493,0.06604194641113281;
0.778532363,3,0.248668234,2.774794896443685,0.060160954793294266;
1.876651218,3,0.634377237,2.5574366251627603,0.0591278076171875;
0.574640217,2,0.3372818005,4.869222640991211,3.5762786865234375E-4;
1.123432208,2,0.6508909125,7.843255996704102,3.5762786865234375E-4;
;
1.47491589,6,0.14484019616666663,1.5037059783935547,0.08543332417805989;
1.252642244,4,0.29795882375,2.1892786026000977,0.0966787338256836;
1.473897821,6,0.145190793,1.5000104904174805,0.08817513783772786;
4.873360993,13,0.1659709818461539,1.517057418823242,0.1520560337946965;
0.434776414,2,0.25720856999999997,2.6504993438720703,4.76837158203125E-4;
;
;
2.25969965,4,0.6686009555,334.87921953201294,0.5295276641845703;
203.506308779,265,0.6854202392264153,6.919985897136177,0.6143641921709171;
1.342081961,2,0.7335036655,6.738901138305664,4.76837158203125E-4;
1.163873243,2,0.6756390329999999,7.207274436950684,2.384185791015625E-4;
0.762162309,2,0.380751351,3.4682750701904297,1.1920928955078125E-4;
1.515152755,6,0.15162678583333333,1.5309254328409831,0.08614857991536458;
111.121401325,147,0.6736810694897959,1.9660255535930198,0.6017506528062886;
0.750273163,2,0.3882007395,3.4685134887695312,2.384185791015625E-4;
1.419930942,6,0.14155273066666668,1.7850796381632488,0.10148684183756511;
5.334342598,12,0.18183952025,1.5614032745361328,0.1547733942667643;
0.729309057,2,0.429947682,6.749868392944336,3.5762786865234375E-4;
5.555166761,13,0.17286923184615385,1.4564990997314453,0.15409176166240987;
1.367863119,6,0.15250670233333335,1.626412073771159,0.08380413055419922;
0.432297627,2,0.24887914849999998,3.2987594604492188,2.384185791015625E-4;
1.85184483,3,0.6361524266666667,2.600987752278646,0.06159146626790364;
0.859250276,3,0.26090578799999997,2.5594234466552734,0.06961822509765625;
0.43858738,2,0.248982515,3.5147666931152344,2.384185791015625E-4;
0.419934393,2,0.240798801,2.6273727416992188,5.960464477539062E-4;
0.759020132,2,0.37853900149999997,3.467082977294922,2.384185791015625E-4;
153.707142412,137,0.9643251152773719,2.5484022432870237,1.171533208693901;
4.957075112,13,0.1639011287692308,1.5537372002234824,0.15379832341120794;
0.95222058,2,0.5691077075,7.133960723876953,3.5762786865234375E-4;
4.700810748,13,0.16709826538461536,1.5514263739952674,0.15841997586763823;
152.29172654,137,0.9654910751313868,2.7199000337698163,1.1693456747236042;
2.348925214,5,0.3325728304,4.761314392089844,0.5331993103027344;
0.461920554,2,0.28122557400000003,5.170106887817383,4.76837158203125E-4;
1.468580217,2,0.8846575055000001,7.681012153625488,2.384185791015625E-4;
4.79621198,13,0.17125139,1.4437345358041616,0.15057050264798677;
5.537621589,13,0.17602008353846152,1.45567380464994,0.15418346111591047;
5.558748457,13,0.17158072853846157,1.5051364898681643,0.1549353966346154;
1.093348117,2,0.6121255299999999,6.442427635192871,2.384185791015625E-4;
5.359663125,13,0.16466739561538463,1.5338750985952523,0.1527529496413011;
0.546170816,2,0.3789809925,3.902435302734375,3.5762786865234375E-4;
0.588474024,2,0.337112925,4.27699089050293,2.384185791015625E-4;
1.845437816,3,0.6178285459999999,3.174622853597005,0.06031990051269531;
0.780576536,2,0.3987074465,3.985881805419922,5.960464477539062E-4;
1.888471411,3,0.6305690876666666,2.5124549865722656,0.05880991617838542;
3.248707228,10,0.21901284040000002,1.6414589352077908,0.16154183281792533;
1.881769546,3,0.6503182916666667,2.5664170583089194,0.059604644775390625;
1.10833544,2,0.654397051,7.055044174194336,2.384185791015625E-4;
0.831287477,3,0.25438280966666665,2.4704933166503906,0.05880991617838542;
1.111933101,2,0.6501311830000001,7.204174995422363,4.76837158203125E-4;
0.530039528,2,0.269268935,6.985068321228027,2.384185791015625E-4;
5.403001902,13,0.1658381536923077,1.4823400057279146,0.15282630920410156;
5.752057406,13,0.1649651855384615,1.741317602304312,0.15157919663649339;
5.063364671,13,0.17565771092307692,1.486979998075045,0.1590251922607422;
0.470626461,2,0.287484867,3.889322280883789,2.384185791015625E-4;
0.544038569,2,0.373618245,2.7823448181152344,2.384185791015625E-4;
1.3911714,6,0.14625904283333332,1.5707810719807942,0.08555253346761067;
1.892173766,3,0.644858566,2.635320027669271,0.05841255187988281;
5.393488175,13,0.16609293784615384,1.5203035794771635,0.1624914316030649;
0.780244365,3,0.2566330133333333,2.7443567911783853,0.07009506225585938;
0.501570072,2,0.2555041925,6.933093070983887,3.5762786865234375E-4;
0.422168052,2,0.2535479235,3.8690567016601562,2.384185791015625E-4;
0.799479934,2,0.493697649,4.958748817443848,2.384185791015625E-4;
1.443725775,3,0.4132750726666667,5.929470062255859,0.2934137980143229;
0.315778844,2,0.139152702,3.8690567016601562,2.384185791015625E-4;
0.880826963,3,0.24206674,2.583742141723633,0.07112820943196616;
1.706977713,2,1.00147724,6.9626569747924805,2.384185791015625E-4;
2.434002855,3,0.83938488,3.5622914632161455,0.12604395548502606;
0.808259792,3,0.2489216456666667,2.4519761403401694,0.06477038065592447;
0.747260802,2,0.370947453,3.4003257751464844,3.5762786865234375E-4;
5.615615584,13,0.1712712036153846,1.4253763052133412,0.15389002286470851;
3.329554569,10,0.22264469400000006,1.7206430435180666,0.14717578887939453;
1.954537927,3,0.6515112676666667,3.6118825276692705,0.1045068105061849;
;
0.753548052,3,0.24771472266666666,2.469301223754883,0.05984306335449219;
1.553837191,3,0.4266859926666667,6.343046824137369,0.30024846394856775;
88.085399068,123,0.5669824151056911,2.545160975882678,1.1517478198539923;
1.400474279,6,0.14492550799999998,1.6113519668579102,0.08873144785563152;
4.415230512,12,0.17468481158333332,1.5592575073242188,0.1534422238667806;
2.134448533,6,0.25343039066666667,4.183650016784668,0.5966424942016602;
0.454914567,2,0.2737325655,4.101753234863281,2.384185791015625E-4;
0.916564361,3,0.26196217433333335,2.5762716929117837,0.06588300069173178;
150.124029464,197,0.6772248653197969,1.9643742420951735,0.6098735150952026;
246.912754108,66,0.6881758857727271,2.0848801641753223,0.6314335447369199;
0.732812637,2,0.36834767749999997,3.77810001373291,2.384185791015625E-4;
0.811155371,2,0.4288329995,3.8663148880004883,2.384185791015625E-4;
0.857506287,2,0.5043967475,7.367253303527832,2.384185791015625E-4;
0.799357198,3,0.24750317633333335,2.591292063395182,0.07033348083496094;
1.416255241,6,0.14703718333333335,1.799464225769043,0.08777777353922527;
0.579612347,2,0.32997191449999996,4.0541887283325195,2.384185791015625E-4;
5.024988584,13,0.1718185761538462,1.5635490417480467,0.15445855947641227;
1.888630131,3,0.6498990193333334,2.653201421101888,0.059604644775390625;
0.310482225,2,0.13646195700000002,4.140377044677734,2.384185791015625E-4;
0.773552045,2,0.381429959,3.5707950592041016,1.1920928955078125E-4;
10.22664363,21,0.1636645982857143,1.3905025663829984,0.1758961450485956;
0.443424271,2,0.257178449,3.953695297241211,2.384185791015625E-4;
;
89.495393846,123,0.5668964178861788,2.5870276660454,1.1568302061499627;
0.848010854,3,0.261835405,2.5076866149902344,0.06604194641113281;
0.553519123,2,0.3226754935,3.9145946502685547,2.384185791015625E-4;
