q121,bid,1,4673.807859420776,23442 
q121,rename,1,1122.3371028900146,23442 
q121,rename-force,1,1095.2508449554443,23442 
q121,rename-force-top20,1,27.608156204223633,20 
q121,rename-force-500ms,1,26.54123306274414,20 
q52,bid,1,246438.43698501587,809828 
q52,rename,1,134711.42673492432,809828 
q52,rename-force,1,131540.92812538147,809828 
q52,rename-force-top20,1,112.04028129577637,20 
q52,rename-force-500ms,1,111.36698722839355,20 
q31,bid,1,1863.7139797210693,10195 
q31,rename,1,389.30606842041016,10195 
q31,rename-force,1,588.6168479919434,10195 
q31,rename-force-top20,1,27.598142623901367,20 
q31,rename-force-500ms,1,21.988868713378906,20 
q142,bid,1,38714.349031448364,99218 
q142,rename,1,24696.5069770813,99218 
q142,rename-force,1,24017.41099357605,99218 
q142,rename-force-top20,1,203.3088207244873,20 
q142,rename-force-500ms,1,210.1430892944336,20 
q40,bid,1,4058.8138103485107,15373 
q40,rename,1,3145.801067352295,15373 
q40,rename-force,1,2353.489875793457,15373 
q40,rename-force-top20,1,28.15723419189453,20 
q40,rename-force-500ms,1,31.68010711669922,20 
q133,bid,1,85204.48279380798,264907 
q133,rename,1,40235.97192764282,264907 
q133,rename-force,1,38802.40702629089,264907 
q133,rename-force-top20,1,45.82023620605469,20 
q133,rename-force-500ms,1,47.512054443359375,20 
q150,bid,1,659.8339080810547,10 
q150,rename,1,643.8560485839844,10 
q150,rename-force,1,584.2928886413574,10 
q150,rename-force-top20,1,562.4980926513672,10 
q150,rename-force-500ms,1,526.9429683685303,10 
q23,bid,1,39595.21412849426,92924 
q23,rename,1,27626.71184539795,92924 
q23,rename-force,1,26698.024034500122,92924 
q23,rename-force-top20,1,205.18970489501953,20 
q23,rename-force-500ms,1,186.7349147796631,20 
q178,bid,1,1081.6612243652344,2707 
q178,rename,1,608.806848526001,2707 
q178,rename-force,1,635.9198093414307,2707 
q178,rename-force-top20,1,33.403873443603516,20 
q178,rename-force-500ms,1,31.776905059814453,20 
q105,bid,1,546.760082244873,596 
q105,rename,1,457.81397819519043,596 
q105,rename-force,1,410.0339412689209,596 
q105,rename-force-top20,1,38.19084167480469,20 
q105,rename-force-500ms,1,36.598920822143555,20 
q76,bid,1,303.67112159729004,4 
q76,rename,1,305.88412284851074,4 
q76,rename-force,1,293.4997081756592,4 
q76,rename-force-top20,1,285.65311431884766,4 
q76,rename-force-500ms,1,295.20177841186523,4 
q15,bid,1,790.1132106781006,2726 
q15,rename,1,374.30596351623535,2726 
q15,rename-force,1,385.31994819641113,2726 
q15,rename-force-top20,1,28.120994567871094,20 
q15,rename-force-500ms,1,33.43677520751953,20 
q166,bid,1,1578.9358615875244,3990 
q166,rename,1,774.9831676483154,3990 
q166,rename-force,1,764.1956806182861,3990 
q166,rename-force-top20,1,107.45906829833984,20 
q166,rename-force-500ms,1,101.52387619018555,20 
q68,bid,1,295.8540916442871,18 
q68,rename,1,307.99078941345215,18 
q68,rename-force,1,287.2889041900635,18 
q68,rename-force-top20,1,283.46896171569824,18 
q68,rename-force-500ms,1,277.5101661682129,18 
q19,bid,1,303.4167289733887,30 
q19,rename,1,316.8807029724121,30 
q19,rename-force,1,304.537296295166,30 
q19,rename-force-top20,1,162.74309158325195,20 
q19,rename-force-500ms,1,156.0201644897461,20 
q64,bid,1,812.1438026428223,2794 
q64,rename,1,405.61890602111816,2794 
q64,rename-force,1,383.8808536529541,2794 
q64,rename-force-top20,1,21.64316177368164,20 
q64,rename-force-500ms,1,28.216123580932617,20 
q117,bid,1,2570.2438354492188,1905 
q117,rename,1,3150.167942047119,1905 
q117,rename-force,1,2305.6869506835938,1905 
q117,rename-force-top20,1,49.86715316772461,20 
q117,rename-force-500ms,1,47.00517654418945,20 
q174,bid,1,2869.602918624878,3744 
q174,rename,1,2363.234043121338,3744 
q174,rename-force,1,1872.070074081421,3744 
q174,rename-force-top20,1,51.96690559387207,20 
q174,rename-force-500ms,1,43.70617866516113,20 
q109,bid,1,5077.275991439819,18218 
q109,rename,1,2816.567897796631,18218 
q109,rename-force,1,2383.95094871521,18218 
q109,rename-force-top20,1,22.747039794921875,20 
q109,rename-force-500ms,1,81.88176155090332,20 
q214,bid,1,1297.3930835723877,49 
q214,rename,1,1258.5291862487793,49 
q214,rename-force,1,1245.9769248962402,49 
q214,rename-force-top20,1,844.7649478912354,20 
q214,rename-force-500ms,1,523.9360332489014,12 
q8,bid,1,2273.545980453491,1264 
q8,rename,1,1589.9720191955566,1264 
q8,rename-force,1,1529.5350551605225,1264 
q8,rename-force-top20,1,56.366920471191406,20 
q8,rename-force-500ms,1,65.78421592712402,20 
q206,bid,1,1421.9169616699219,46 
q206,rename,1,1353.8119792938232,46 
q206,rename-force,1,1238.0108833312988,46 
q206,rename-force-top20,1,265.84506034851074,20 
q206,rename-force-500ms,1,251.69730186462402,20 
q4,bid,1,35532.1569442749,114770 
q4,rename,1,17004.9729347229,114770 
q4,rename-force,1,17364.025831222534,114770 
q4,rename-force-top20,1,49.713850021362305,20 
q4,rename-force-500ms,1,84.76614952087402,20 
q218,bid,1,1768.6479091644287,2484 
q218,rename,1,2456.772804260254,2484 
q218,rename-force,1,1272.9361057281494,2484 
q218,rename-force-top20,1,39.45016860961914,20 
q218,rename-force-500ms,1,34.191131591796875,20 
q89,bid,1,4674.980878829956,18742 
q89,rename,1,2225.4419326782227,18742 
q89,rename-force,1,2399.69801902771,18742 
q89,rename-force-top20,1,27.100801467895508,20 
q89,rename-force-500ms,1,34.41500663757324,20 
q187,bid,1,966.7000770568848,23 
q187,rename,1,873.650074005127,23 
q187,rename-force,1,869.3771362304688,23 
q187,rename-force-top20,1,718.2130813598633,20 
q187,rename-force-500ms,1,524.3411064147949,11 
q97,bid,1,4214.383125305176,2440 
q97,rename,1,1760.1380348205566,2440 
q97,rename-force,1,2725.8009910583496,2440 
q97,rename-force-top20,1,41.76616668701172,20 
q97,rename-force-500ms,1,48.79307746887207,20 
q199,bid,1,1004.9929618835449,39 
q199,rename,1,1031.7699909210205,39 
q199,rename-force,1,992.0151233673096,39 
q199,rename-force-top20,1,582.7810764312744,20 
q199,rename-force-500ms,1,521.4657783508301,16 
q195,bid,1,1409.9719524383545,4056 
q195,rename,1,705.9710025787354,4056 
q195,rename-force,1,687.8001689910889,4056 
q195,rename-force-top20,1,71.83694839477539,20 
q195,rename-force-500ms,1,65.13214111328125,20 
q222,bid,1,676.5718460083008,1908 
q222,rename,1,415.8608913421631,1908 
q222,rename-force,1,466.937780380249,1908 
q222,rename-force-top20,1,39.08801078796387,20 
q222,rename-force-500ms,1,43.47968101501465,20 
q85,bid,1,500.32615661621094,543 
q85,rename,1,420.4599857330322,543 
q85,rename-force,1,385.12706756591797,543 
q85,rename-force-top20,1,38.400888442993164,20 
q85,rename-force-500ms,1,37.284135818481445,20 
q204,bid,1,1268.7511444091797,52 
q204,rename,1,1195.0087547302246,52 
q204,rename-force,1,1208.3377838134766,52 
q204,rename-force-top20,1,254.58407402038574,20 
q204,rename-force-500ms,1,256.5948963165283,20 
q6,bid,1,270.6899642944336,262 
q6,rename,1,238.3430004119873,262 
q6,rename-force,1,221.37808799743652,262 
q6,rename-force-top20,1,66.04886054992676,20 
q6,rename-force-500ms,1,60.84108352661133,20 
q208,bid,1,2010.495901107788,2315 
q208,rename,1,1716.0649299621582,2315 
q208,rename-force,1,1533.8330268859863,2315 
q208,rename-force-top20,1,58.675289154052734,20 
q208,rename-force-500ms,1,39.33215141296387,20 
q216,bid,1,1174.0729808807373,23 
q216,rename,1,1231.7821979522705,23 
q216,rename-force,1,1065.1812553405762,23 
q216,rename-force-top20,1,816.8540000915527,20 
q216,rename-force-500ms,1,526.1707305908203,13 
q87,bid,1,3132.4639320373535,2161 
q87,rename,1,3111.9821071624756,2161 
q87,rename-force,1,2037.654161453247,2161 
q87,rename-force-top20,1,64.22710418701172,20 
q87,rename-force-500ms,1,50.38189888000488,20 
q189,bid,1,1715.9819602966309,2377 
q189,rename,1,1915.0919914245605,2377 
q189,rename-force,1,1286.6599559783936,2377 
q189,rename-force-top20,1,45.91703414916992,20 
q189,rename-force-500ms,1,42.87409782409668,20 
q99,bid,1,4798.039197921753,18734 
q99,rename,1,2623.744010925293,18734 
q99,rename-force,1,2849.7800827026367,18734 
q99,rename-force-top20,1,22.244691848754883,20 
q99,rename-force-500ms,1,20.756959915161133,20 
q197,bid,1,695.3258514404297,1785 
q197,rename,1,521.8067169189453,1785 
q197,rename-force,1,387.90011405944824,1785 
q197,rename-force-top20,1,34.26194190979004,20 
q197,rename-force-500ms,1,36.04888916015625,20 
q220,bid,1,2004.896879196167,7136 
q220,rename,1,980.3512096405029,7136 
q220,rename-force,1,990.8270835876465,7136 
q220,rename-force-top20,1,102.88310050964355,20 
q220,rename-force-500ms,1,103.68514060974121,20 
q95,bid,1,476.3641357421875,625 
q95,rename,1,393.11909675598145,625 
q95,rename-force,1,411.5879535675049,625 
q95,rename-force-top20,1,47.51777648925781,20 
q95,rename-force-500ms,1,44.152021408081055,20 
q185,bid,1,1015.6416893005371,21 
q185,rename,1,1059.769868850708,21 
q185,rename-force,1,1054.4209480285645,21 
q185,rename-force-top20,1,804.7740459442139,20 
q185,rename-force-500ms,1,521.367073059082,19 
q152,bid,1,467.4830436706543,21 
q152,rename,1,464.41197395324707,21 
q152,rename-force,1,421.33212089538574,21 
q152,rename-force-top20,1,356.88018798828125,20 
q152,rename-force-500ms,1,332.44800567626953,20 
q21,bid,1,1853.153944015503,9909 
q21,rename,1,360.8429431915283,9909 
q21,rename-force,1,382.58814811706543,9909 
q21,rename-force-top20,1,21.745920181274414,20 
q21,rename-force-500ms,1,19.52981948852539,20 
q42,bid,1,4319.035053253174,21626 
q42,rename,1,1057.2400093078613,21626 
q42,rename-force,1,1090.8191204071045,21626 
q42,rename-force-top20,1,32.26637840270996,20 
q42,rename-force-500ms,1,35.88104248046875,20 
q131,bid,1,4357.430934906006,22254 
q131,rename,1,1216.6152000427246,22254 
q131,rename-force,1,1071.2950229644775,22254 
q131,rename-force-top20,1,26.636600494384766,20 
q131,rename-force-500ms,1,23.792743682861328,20 
q33,bid,1,96513.38195800781,216948 
q33,rename,1,68245.03302574158,216948 
q33,rename-force,1,66183.30788612366,216948 
q33,rename-force-top20,1,136.68107986450195,20 
q33,rename-force-500ms,1,128.61204147338867,20 
q140,bid,1,1888.7779712677002,9668 
q140,rename,1,377.8111934661865,9668 
q140,rename-force,1,506.5431594848633,9668 
q140,rename-force-top20,1,14.875173568725586,20 
q140,rename-force-500ms,1,19.632816314697266,20 
q123,bid,1,138646.05617523193,439622 
q123,rename,1,64032.42897987366,439622 
q123,rename-force,1,64569.222927093506,439622 
q123,rename-force-top20,1,53.18593978881836,20 
q123,rename-force-500ms,1,51.045894622802734,20 
q50,bid,1,2881.411075592041,15499 
q50,rename,1,568.9170360565186,15499 
q50,rename-force,1,543.0152416229248,15499 
q50,rename-force-top20,1,18.558979034423828,20 
q50,rename-force-500ms,1,20.94101905822754,20 
q176,bid,1,1766.9072151184082,4903 
q176,rename,1,1182.4851036071777,4903 
q176,rename-force,1,984.9998950958252,4903 
q176,rename-force-top20,1,80.74188232421875,20 
q176,rename-force-500ms,1,76.47490501403809,20 
q78,bid,1,280.63392639160156,21 
q78,rename,1,289.8519039154053,21 
q78,rename-force,1,369.69804763793945,21 
q78,rename-force-top20,1,261.0180377960205,20 
q78,rename-force-500ms,1,263.7677192687988,20 
q168,bid,1,706.7997455596924,1687 
q168,rename,1,407.1810245513916,1687 
q168,rename-force,1,392.071008682251,1687 
q168,rename-force-top20,1,27.460098266601562,20 
q168,rename-force-500ms,1,28.65004539489746,20 
q66,bid,1,333.44197273254395,4 
q66,rename,1,317.62218475341797,4 
q66,rename-force,1,319.31018829345703,4 
q66,rename-force-top20,1,289.0040874481201,4 
q66,rename-force-500ms,1,290.7528877258301,4 
q115,bid,1,460.45398712158203,560 
q115,rename,1,406.79287910461426,560 
q115,rename-force,1,411.6029739379883,560 
q115,rename-force-top20,1,39.25681114196777,20 
q115,rename-force-500ms,1,38.298845291137695,20 
q17,bid,1,307.1742057800293,7 
q17,rename,1,328.02295684814453,7 
q17,rename-force,1,312.3669624328613,7 
q17,rename-force-top20,1,299.9739646911621,7 
q17,rename-force-500ms,1,292.0210361480713,7 
q164,bid,1,2345.477819442749,2483 
q164,rename,1,2007.4589252471924,2483 
q164,rename-force,1,1377.5460720062256,2483 
q164,rename-force-top20,1,47.32513427734375,20 
q164,rename-force-500ms,1,38.85316848754883,20 
q119,bid,1,4091.970920562744,16188 
q119,rename,1,3083.920955657959,16188 
q119,rename-force,1,2531.6970348358154,16188 
q119,rename-force-top20,1,27.718782424926758,20 
q119,rename-force-500ms,1,21.48294448852539,20 
q107,bid,1,2547.102928161621,2134 
q107,rename,1,3269.986152648926,2134 
q107,rename-force,1,2050.7760047912598,2134 
q107,rename-force-top20,1,51.43117904663086,20 
q107,rename-force-500ms,1,40.604352951049805,20 
q74,bid,1,842.1258926391602,2984 
q74,rename,1,374.3448257446289,2984 
q74,rename-force,1,423.5689640045166,2984 
q74,rename-force-top20,1,26.320934295654297,20 
q74,rename-force-500ms,1,24.762868881225586,20 
q91,bid,1,4451.720952987671,22723 
q91,rename,1,1092.8471088409424,22723 
q91,rename-force,1,1075.6120681762695,22723 
q91,rename-force-top20,1,36.29112243652344,20 
q91,rename-force-500ms,1,34.06786918640137,20 
q181,bid,1,1201.3962268829346,3544 
q181,rename,1,705.1529884338379,3544 
q181,rename-force,1,702.3448944091797,3544 
q181,rename-force-top20,1,108.85190963745117,20 
q181,rename-force-500ms,1,97.92494773864746,20 
q83,bid,1,95281.2430858612,290637 
q83,rename,1,43180.784940719604,290637 
q83,rename-force,1,42380.380153656006,290637 
q83,rename-force-top20,1,56.32901191711426,20 
q83,rename-force-500ms,1,50.83489418029785,20 
q193,bid,1,813.3072853088379,1863 
q193,rename,1,437.1471405029297,1863 
q193,rename-force,1,493.013858795166,1863 
q193,rename-force-top20,1,37.100791931152344,20 
q193,rename-force-500ms,1,34.43622589111328,20 
q212,bid,1,654.3178558349609,1637 
q212,rename,1,415.85326194763184,1637 
q212,rename-force,1,442.2018527984619,1637 
q212,rename-force-top20,1,35.546064376831055,20 
q212,rename-force-500ms,1,30.044078826904297,20 
q200,bid,1,2204.93221282959,7810 
q200,rename,1,982.3939800262451,7810 
q200,rename-force,1,931.663990020752,7810 
q200,rename-force-top20,1,62.213897705078125,20 
q200,rename-force-500ms,1,82.30400085449219,20 
q2,bid,1,2194.115161895752,11309 
q2,rename,1,534.0421199798584,11309 
q2,rename-force,1,550.7040023803711,11309 
q2,rename-force-top20,1,24.10888671875,20 
q2,rename-force-500ms,1,21.005868911743164,20 
q13,bid,1,101320.28794288635,270136 
q13,rename,1,64736.7639541626,270136 
q13,rename-force,1,63489.556074142456,270136 
q13,rename-force-top20,1,100.14700889587402,20 
q13,rename-force-500ms,1,95.06702423095703,20 
q160,bid,1,1124.7103214263916,36 
q160,rename,1,1060.2192878723145,36 
q160,rename-force,1,1099.0440845489502,36 
q160,rename-force-top20,1,719.8340892791748,20 
q160,rename-force-500ms,1,521.5158462524414,13 
q103,bid,1,124648.38027954102,424512 
q103,rename,1,62519.68812942505,424512 
q103,rename-force,1,62121.35601043701,424512 
q103,rename-force-top20,1,90.69585800170898,20 
q103,rename-force-500ms,1,66.49613380432129,20 
q70,bid,1,1864.8297786712646,9763 
q70,rename,1,370.1820373535156,9763 
q70,rename-force,1,371.5510368347168,9763 
q70,rename-force-top20,1,18.424034118652344,20 
q70,rename-force-500ms,1,74.84602928161621,20 
q172,bid,1,1240.0779724121094,47 
q172,rename,1,1267.0550346374512,47 
q172,rename-force,1,1183.6066246032715,47 
q172,rename-force-top20,1,463.92107009887695,20 
q172,rename-force-500ms,1,430.5918216705322,20 
q62,bid,1,79575.76394081116,197565 
q62,rename,1,52387.370109558105,197565 
q62,rename-force,1,51316.380977630615,197565 
q62,rename-force-top20,1,209.26618576049805,20 
q62,rename-force-500ms,1,211.25221252441406,20 
q111,bid,1,4393.511056900024,22817 
q111,rename,1,1084.118127822876,22817 
q111,rename-force,1,1064.5711421966553,22817 
q111,rename-force-top20,1,33.32209587097168,20 
q111,rename-force-500ms,1,35.00699996948242,20 
q139,bid,1,4443.967342376709,16141 
q139,rename,1,1725.6319522857666,16141 
q139,rename-force,1,1527.8120040893555,16141 
q139,rename-force-top20,1,25.021791458129883,20 
q139,rename-force-500ms,1,34.628868103027344,20 
q37,bid,1,379.58478927612305,3 
q37,rename,1,320.7409381866455,3 
q37,rename-force,1,314.467191696167,3 
q37,rename-force-top20,1,293.9131259918213,3 
q37,rename-force-500ms,1,291.97001457214355,3 
q144,bid,1,830.6798934936523,2722 
q144,rename,1,372.4789619445801,2722 
q144,rename-force,1,403.54204177856445,2722 
q144,rename-force-top20,1,24.12104606628418,20 
q144,rename-force-500ms,1,29.638290405273438,20 
q127,bid,1,4144.009828567505,2587 
q127,rename,1,2960.2138996124268,2587 
q127,rename-force,1,3096.829891204834,2587 
q127,rename-force-top20,1,65.74416160583496,20 
q127,rename-force-500ms,1,51.76997184753418,20 
q54,bid,1,1275.3841876983643,4656 
q54,rename,1,607.5739860534668,4656 
q54,rename-force,1,576.2851238250732,4656 
q54,rename-force-top20,1,34.08169746398926,20 
q54,rename-force-500ms,1,31.855106353759766,20 
q29,bid,1,296.68402671813965,23 
q29,rename,1,300.9679317474365,23 
q29,rename-force,1,279.78992462158203,23 
q29,rename-force-top20,1,258.7120532989502,20 
q29,rename-force-500ms,1,257.159948348999,20 
q58,bid,1,450.27709007263184,22 
q58,rename,1,433.4452152252197,22 
q58,rename-force,1,406.47411346435547,22 
q58,rename-force-top20,1,380.3279399871826,20 
q58,rename-force-500ms,1,394.09399032592773,20 
q156,bid,1,1451.9858360290527,4792 
q156,rename,1,723.0191230773926,4792 
q156,rename-force,1,745.6669807434082,4792 
q156,rename-force-top20,1,81.3450813293457,20 
q156,rename-force-500ms,1,50.01974105834961,20 
q25,bid,1,818.7541961669922,3047 
q25,rename,1,390.3241157531738,3047 
q25,rename-force,1,394.83070373535156,3047 
q25,rename-force-top20,1,28.633832931518555,20 
q25,rename-force-500ms,1,38.4829044342041,20 
q46,bid,1,296.9179153442383,6 
q46,rename,1,295.5150604248047,6 
q46,rename-force,1,388.4129524230957,6 
q46,rename-force-top20,1,282.1810245513916,6 
q46,rename-force-500ms,1,287.3241901397705,6 
q135,bid,1,516.2351131439209,559 
q135,rename,1,433.3312511444092,559 
q135,rename-force,1,380.5699348449707,559 
q135,rename-force-top20,1,52.12736129760742,20 
q135,rename-force-500ms,1,51.81694030761719,20 
q148,bid,1,301.2690544128418,26 
q148,rename,1,316.94602966308594,26 
q148,rename-force,1,302.68383026123047,26 
q148,rename-force-top20,1,195.48678398132324,20 
q148,rename-force-500ms,1,200.37293434143066,20 
q60,bid,1,2055.966854095459,9869 
q60,rename,1,390.5930519104004,9869 
q60,rename-force,1,356.5640449523926,9869 
q60,rename-force-top20,1,25.467872619628906,20 
q60,rename-force-500ms,1,19.56915855407715,20 
q113,bid,1,210465.12985229492,717012 
q113,rename,1,104268.28026771545,717012 
q113,rename-force,1,106148.48732948303,717012 
q113,rename-force-top20,1,57.01494216918945,20 
q113,rename-force-500ms,1,55.166006088256836,20 
q170,bid,1,1415.1661396026611,48 
q170,rename,1,1374.9449253082275,48 
q170,rename-force,1,1510.2648735046387,48 
q170,rename-force-top20,1,590.487003326416,20 
q170,rename-force-500ms,1,526.6919136047363,18 
q101,bid,1,4621.879100799561,23491 
q101,rename,1,1184.3063831329346,23491 
q101,rename-force,1,1145.5740928649902,23491 
q101,rename-force-top20,1,27.658939361572266,20 
q101,rename-force-500ms,1,19.91868019104004,20 
q72,bid,1,88298.49600791931,209899 
q72,rename,1,56745.32079696655,209899 
q72,rename-force,1,56845.45803070068,209899 
q72,rename-force-top20,1,151.78489685058594,20 
q72,rename-force-500ms,1,152.30417251586914,20 
q11,bid,1,1760.9758377075195,9629 
q11,rename,1,363.15107345581055,9629 
q11,rename-force,1,374.6178150177002,9629 
q11,rename-force-top20,1,24.367809295654297,20 
q11,rename-force-500ms,1,20.171165466308594,20 
q162,bid,1,1147.568941116333,32 
q162,rename,1,1117.197036743164,32 
q162,rename-force,1,1120.95308303833,32 
q162,rename-force-top20,1,422.990083694458,20 
q162,rename-force-500ms,1,399.34730529785156,20 
q44,bid,1,767.4219608306885,2745 
q44,rename,1,390.4728889465332,2745 
q44,rename-force,1,377.60019302368164,2745 
q44,rename-force-top20,1,29.433012008666992,20 
q44,rename-force-500ms,1,34.143924713134766,20 
q137,bid,1,3290.195941925049,1864 
q137,rename,1,2959.6619606018066,1864 
q137,rename-force,1,1133.8880062103271,1864 
q137,rename-force-top20,1,53.49922180175781,20 
q137,rename-force-500ms,1,43.69401931762695,20 
q39,bid,1,319.1838264465332,25 
q39,rename,1,319.1399574279785,25 
q39,rename-force,1,287.9641056060791,25 
q39,rename-force-top20,1,249.41706657409668,20 
q39,rename-force-500ms,1,243.20077896118164,20 
q129,bid,1,4382.109880447388,17605 
q129,rename,1,3050.1670837402344,17605 
q129,rename-force,1,2994.983911514282,17605 
q129,rename-force-top20,1,27.698040008544922,20 
q129,rename-force-500ms,1,62.22891807556152,20 
q154,bid,1,2493.3786392211914,2427 
q154,rename,1,1672.0848083496094,2427 
q154,rename-force,1,1558.1738948822021,2427 
q154,rename-force-top20,1,45.629024505615234,20 
q154,rename-force-500ms,1,40.98987579345703,20 
q27,bid,1,310.65821647644043,4 
q27,rename,1,318.35126876831055,4 
q27,rename-force,1,306.08105659484863,4 
q27,rename-force-top20,1,312.1328353881836,4 
q27,rename-force-500ms,1,284.2400074005127,4 
q125,bid,1,501.18088722229004,629 
q125,rename,1,418.6897277832031,629 
q125,rename-force,1,404.39295768737793,629 
q125,rename-force-top20,1,41.288137435913086,20 
q125,rename-force-500ms,1,38.68699073791504,20 
q56,bid,1,450.66213607788086,9 
q56,rename,1,468.080997467041,9 
q56,rename-force,1,463.96780014038086,9 
q56,rename-force-top20,1,424.73912239074707,9 
q56,rename-force-500ms,1,421.01311683654785,9 
q158,bid,1,754.6439170837402,1868 
q158,rename,1,586.7230892181396,1868 
q158,rename-force,1,500.8587837219238,1868 
q158,rename-force-top20,1,34.94715690612793,20 
q158,rename-force-500ms,1,36.15307807922363,20 
q48,bid,1,719.6030616760254,23 
q48,rename,1,296.8928813934326,23 
q48,rename-force,1,278.64813804626465,23 
q48,rename-force-top20,1,250.53787231445312,20 
q48,rename-force-500ms,1,254.3478012084961,20 
q35,bid,1,847.2201824188232,3232 
q35,rename,1,398.6380100250244,3232 
q35,rename-force,1,402.1878242492676,3232 
q35,rename-force-top20,1,41.651010513305664,20 
q35,rename-force-500ms,1,33.19597244262695,20 
q146,bid,1,315.8109188079834,5 
q146,rename,1,301.6369342803955,5 
q146,rename-force,1,316.1289691925049,5 
q146,rename-force-top20,1,293.49517822265625,5 
q146,rename-force-500ms,1,306.17713928222656,5 
q191,bid,1,1501.3158321380615,4305 
q191,rename,1,914.8318767547607,4305 
q191,rename-force,1,891.0009860992432,4305 
q191,rename-force-top20,1,72.85523414611816,20 
q191,rename-force-500ms,1,71.91991806030273,20 
q81,bid,1,4312.419891357422,21883 
q81,rename,1,1100.161075592041,21883 
q81,rename-force,1,1084.139108657837,21883 
q81,rename-force-top20,1,22.40896224975586,20 
q81,rename-force-500ms,1,16.126155853271484,20 
q183,bid,1,744.8108196258545,1897 
q183,rename,1,495.52011489868164,1897 
q183,rename-force,1,376.38401985168457,1897 
q183,rename-force-top20,1,35.23111343383789,20 
q183,rename-force-500ms,1,39.67785835266113,20 
q93,bid,1,65907.44686126709,211989 
q93,rename,1,31352.83398628235,211989 
q93,rename-force,1,31423.28119277954,211989 
q93,rename-force-top20,1,50.961971282958984,20 
q93,rename-force-500ms,1,73.8222599029541,20 
q202,bid,1,741.4500713348389,1795 
q202,rename,1,469.2368507385254,1795 
q202,rename-force,1,445.21212577819824,1795 
q202,rename-force-top20,1,34.8970890045166,20 
q202,rename-force-500ms,1,38.92397880554199,20 
q0,bid,1,1996.8140125274658,7234 
q0,rename,1,1038.2270812988281,7234 
q0,rename-force,1,785.0430011749268,7234 
q0,rename-force-top20,1,30.32088279724121,20 
q0,rename-force-500ms,1,27.873992919921875,20 
q210,bid,1,2356.4610481262207,9668 
q210,rename,1,855.5636405944824,9668 
q210,rename-force,1,889.9331092834473,9668 
q210,rename-force-top20,1,67.28291511535645,20 
q210,rename-force-500ms,1,49.97825622558594,20 
q198,bid,1,1713.3698463439941,2472 
q198,rename,1,1929.4672012329102,2472 
q198,rename-force,1,1391.7169570922852,2472 
q198,rename-force-top20,1,50.32992362976074,20 
q198,rename-force-500ms,1,40.81606864929199,20 
q96,bid,1,311.7382526397705,4 
q96,rename,1,304.70919609069824,4 
q96,rename-force,1,284.58309173583984,4 
q96,rename-force-top20,1,285.2621078491211,4 
q96,rename-force-500ms,1,284.1777801513672,4 
q186,bid,1,2645.0681686401367,8482 
q186,rename,1,1355.687141418457,8482 
q186,rename-force,1,1259.1559886932373,8482 
q186,rename-force-top20,1,43.72882843017578,20 
q186,rename-force-500ms,1,40.817975997924805,20 
q88,bid,1,329.33521270751953,20 
q88,rename,1,295.5610752105713,20 
q88,rename-force,1,299.76797103881836,20 
q88,rename-force-top20,1,261.3961696624756,20 
q88,rename-force-500ms,1,264.13989067077637,20 
q84,bid,1,822.5107192993164,2918 
q84,rename,1,375.1187324523926,2918 
q84,rename-force,1,387.46118545532227,2918 
q84,rename-force-top20,1,39.13593292236328,20 
q84,rename-force-500ms,1,42.38700866699219,20 
q194,bid,1,2346.9958305358887,2305 
q194,rename,1,2979.9201488494873,2305 
q194,rename-force,1,1314.9847984313965,2305 
q194,rename-force-top20,1,48.77066612243652,20 
q194,rename-force-500ms,1,56.93531036376953,20 
q9,bid,1,158.93197059631348,10 
q9,rename,1,191.88809394836426,10 
q9,rename-force,1,166.64910316467285,10 
q9,rename-force-top20,1,152.58121490478516,10 
q9,rename-force-500ms,1,155.5461883544922,10 
q215,bid,1,1347.961187362671,3934 
q215,rename,1,626.8870830535889,3934 
q215,rename-force,1,650.8631706237793,3934 
q215,rename-force-top20,1,57.64198303222656,20 
q215,rename-force-500ms,1,53.846120834350586,20 
q219,bid,1,1088.731050491333,45 
q219,rename,1,1128.6818981170654,45 
q219,rename-force,1,1059.380292892456,45 
q219,rename-force-top20,1,350.6028652191162,20 
q219,rename-force-500ms,1,336.9719982147217,20 
q5,bid,1,467.64302253723145,1669 
q5,rename,1,199.57685470581055,1669 
q5,rename-force,1,215.59405326843262,1669 
q5,rename-force-top20,1,28.87129783630371,20 
q5,rename-force-500ms,1,29.417991638183594,20 
q207,bid,1,686.8228912353516,1766 
q207,rename,1,426.54895782470703,1766 
q207,rename-force,1,403.5682678222656,1766 
q207,rename-force-top20,1,33.7979793548584,20 
q207,rename-force-500ms,1,26.875972747802734,20 
q69,bid,1,3946.4468955993652,16084 
q69,rename,1,1672.7521419525146,16084 
q69,rename-force,1,1519.8650360107422,16084 
q69,rename-force-top20,1,24.161815643310547,20 
q69,rename-force-500ms,1,29.943227767944336,20 
q14,bid,1,47214.57815170288,160564 
q14,rename,1,24607.507944107056,160564 
q14,rename-force,1,23634.296655654907,160564 
q14,rename-force-top20,1,77.09884643554688,20 
q14,rename-force-500ms,1,68.03703308105469,20 
q167,bid,1,969.2981243133545,28 
q167,rename,1,974.5557308197021,28 
q167,rename-force,1,970.8027839660645,28 
q167,rename-force-top20,1,472.6879596710205,20 
q167,rename-force-500ms,1,461.50898933410645,20 
q104,bid,1,872.2991943359375,2982 
q104,rename,1,438.8890266418457,2982 
q104,rename-force,1,389.0690803527832,2982 
q104,rename-force-top20,1,25.9091854095459,20 
q104,rename-force-500ms,1,27.248144149780273,20 
q77,bid,1,3098.6361503601074,2372 
q77,rename,1,4104.714632034302,2372 
q77,rename-force,1,3776.0047912597656,2372 
q77,rename-force-top20,1,60.122013092041016,20 
q77,rename-force-500ms,1,56.43510818481445,20 
q179,bid,1,1872.5531101226807,2494 
q179,rename,1,2849.5941162109375,2494 
q179,rename-force,1,1500.1180171966553,2494 
q179,rename-force-top20,1,44.30985450744629,20 
q179,rename-force-500ms,1,35.0189208984375,20 
q108,bid,1,288.64288330078125,18 
q108,rename,1,290.9402847290039,18 
q108,rename-force,1,352.902889251709,18 
q108,rename-force-top20,1,277.10890769958496,18 
q108,rename-force-500ms,1,282.2589874267578,18 
q175,bid,1,1615.8421039581299,56 
q175,rename,1,1656.4419269561768,56 
q175,rename-force,1,1568.7649250030518,56 
q175,rename-force-top20,1,590.8830165863037,20 
q175,rename-force-500ms,1,524.2502689361572,18 
q65,bid,1,507.5669288635254,592 
q65,rename,1,453.56106758117676,592 
q65,rename-force,1,370.78022956848145,592 
q65,rename-force-top20,1,51.66506767272949,20 
q65,rename-force-500ms,1,44.54183578491211,20 
q116,bid,1,317.25120544433594,2 
q116,rename,1,308.9299201965332,2 
q116,rename-force,1,315.72484970092773,2 
q116,rename-force-top20,1,283.4963798522949,2 
q116,rename-force-500ms,1,282.620906829834,2 
q18,bid,1,3313.197135925293,2853 
q18,rename,1,3156.435966491699,2853 
q18,rename-force,1,3870.3510761260986,2853 
q18,rename-force-top20,1,66.20097160339355,20 
q18,rename-force-500ms,1,51.863670349121094,20 
q30,bid,1,3754.157066345215,16149 
q30,rename,1,2223.235845565796,16149 
q30,rename-force,1,1876.3549327850342,16149 
q30,rename-force-top20,1,23.676156997680664,20 
q30,rename-force-500ms,1,22.72200584411621,20 
q143,bid,1,120735.0709438324,419993 
q143,rename,1,63960.4070186615,419993 
q143,rename-force,1,62819.47636604309,419993 
q143,rename-force-top20,1,42.558908462524414,20 
q143,rename-force-500ms,1,39.576053619384766,20 
q120,bid,1,1911.383867263794,9918 
q120,rename,1,370.4190254211426,9918 
q120,rename-force,1,374.58300590515137,9918 
q120,rename-force-top20,1,21.646976470947266,20 
q120,rename-force-500ms,1,23.1781005859375,20 
q53,bid,1,162115.18096923828,526007 
q53,rename,1,76603.21927070618,526007 
q53,rename-force,1,76793.8392162323,526007 
q53,rename-force-top20,1,47.724008560180664,20 
q53,rename-force-500ms,1,46.10919952392578,20 
q151,bid,1,538.1379127502441,1362 
q151,rename,1,331.99429512023926,1362 
q151,rename-force,1,320.2929496765137,1362 
q151,rename-force-top20,1,59.04412269592285,20 
q151,rename-force-500ms,1,57.821035385131836,20 
q22,bid,1,4685.49919128418,23274 
q22,rename,1,1120.298147201538,23274 
q22,rename-force,1,1077.071189880371,23274 
q22,rename-force-top20,1,23.169994354248047,20 
q22,rename-force-500ms,1,29.746294021606445,20 
q41,bid,1,1756.052017211914,9432 
q41,rename,1,368.8628673553467,9432 
q41,rename-force,1,362.8859519958496,9432 
q41,rename-force-top20,1,23.8189697265625,20 
q41,rename-force-500ms,1,33.68711471557617,20 
q132,bid,1,122699.85485076904,391106 
q132,rename,1,67315.19103050232,391106 
q132,rename-force,1,66472.51892089844,391106 
q132,rename-force-top20,1,93.28103065490723,20 
q132,rename-force-500ms,1,86.59601211547852,20 
q67,bid,1,5165.150880813599,2558 
q67,rename,1,2136.115074157715,2558 
q67,rename-force,1,2961.817979812622,2558 
q67,rename-force-top20,1,53.62677574157715,20 
q67,rename-force-500ms,1,45.30692100524902,20 
q114,bid,1,863.4512424468994,3064 
q114,rename,1,371.9520568847656,3064 
q114,rename-force,1,380.82098960876465,3064 
q114,rename-force-top20,1,42.34123229980469,20 
q114,rename-force-500ms,1,26.70907974243164,20 
q169,bid,1,2304.4040203094482,2360 
q169,rename,1,2696.135997772217,2360 
q169,rename-force,1,1331.5682411193848,2360 
q169,rename-force-top20,1,48.33102226257324,20 
q169,rename-force-500ms,1,39.139747619628906,20 
q79,bid,1,4447.3230838775635,17283 
q79,rename,1,2497.501850128174,17283 
q79,rename-force,1,1771.3279724121094,17283 
q79,rename-force-top20,1,24.3680477142334,20 
q79,rename-force-500ms,1,26.339054107666016,20 
q177,bid,1,1652.9059410095215,51 
q177,rename,1,1618.9160346984863,51 
q177,rename-force,1,1611.00172996521,51 
q177,rename-force-top20,1,674.0901470184326,20 
q177,rename-force-500ms,1,523.6241817474365,12 
q106,bid,1,304.8717975616455,4 
q106,rename,1,286.04698181152344,4 
q106,rename-force,1,293.72406005859375,4 
q106,rename-force-top20,1,291.0151481628418,4 
q106,rename-force-500ms,1,300.02903938293457,4 
q75,bid,1,559.6809387207031,695 
q75,rename,1,479.8910617828369,695 
q75,rename-force,1,442.74187088012695,695 
q75,rename-force-top20,1,50.21166801452637,20 
q75,rename-force-500ms,1,53.21788787841797,20 
q118,bid,1,297.6810932159424,18 
q118,rename,1,271.6219425201416,18 
q118,rename-force,1,298.10309410095215,18 
q118,rename-force-top20,1,279.63805198669434,18 
q118,rename-force-500ms,1,284.3451499938965,18 
q16,bid,1,647.8798389434814,948 
q16,rename,1,503.6463737487793,948 
q16,rename-force,1,440.13285636901855,948 
q16,rename-force-top20,1,46.74792289733887,20 
q16,rename-force-500ms,1,48.45404624938965,20 
q165,bid,1,1377.3231506347656,56 
q165,rename,1,1378.432035446167,56 
q165,rename-force,1,1404.2131900787354,56 
q165,rename-force-top20,1,704.1962146759033,20 
q165,rename-force-500ms,1,520.2481746673584,12 
q43,bid,1,80047.99509048462,259761 
q43,rename,1,38345.797061920166,259761 
q43,rename-force,1,37644.97423171997,259761 
q43,rename-force-top20,1,58.0599308013916,20 
q43,rename-force-500ms,1,54.54897880554199,20 
q130,bid,1,1862.3411655426025,9598 
q130,rename,1,385.22791862487793,9598 
q130,rename-force,1,453.04012298583984,9598 
q130,rename-force-top20,1,20.3249454498291,20 
q130,rename-force-500ms,1,21.62003517150879,20 
q153,bid,1,342.3421382904053,940 
q153,rename,1,236.19413375854492,940 
q153,rename-force,1,214.37478065490723,940 
q153,rename-force-top20,1,25.296926498413086,20 
q153,rename-force-500ms,1,31.299114227294922,20 
q20,bid,1,7534.130096435547,36526 
q20,rename,1,3798.607110977173,36526 
q20,rename-force,1,2652.1880626678467,36526 
q20,rename-force-top20,1,23.567914962768555,20 
q20,rename-force-500ms,1,25.435924530029297,20 
q122,bid,1,87511.47484779358,198404 
q122,rename,1,58926.05113983154,198404 
q122,rename-force,1,60299.957036972046,198404 
q122,rename-force-top20,1,176.09500885009766,20 
q122,rename-force-500ms,1,173.4299659729004,20 
q51,bid,1,7188.2643699646,36665 
q51,rename,1,1799.1681098937988,36665 
q51,rename-force,1,2011.4920139312744,36665 
q51,rename-force-top20,1,20.456314086914062,20 
q51,rename-force-500ms,1,24.37281608581543,20 
q32,bid,1,4566.492080688477,23878 
q32,rename,1,1115.5400276184082,23878 
q32,rename-force,1,1121.0622787475586,23878 
q32,rename-force-top20,1,31.163930892944336,20 
q32,rename-force-500ms,1,25.038719177246094,20 
q141,bid,1,4460.952043533325,22889 
q141,rename,1,1140.928030014038,22889 
q141,rename-force,1,1127.1560192108154,22889 
q141,rename-force-top20,1,29.52098846435547,20 
q141,rename-force-500ms,1,78.51505279541016,20 
q221,bid,1,1260.3020668029785,39 
q221,rename,1,1032.7870845794678,39 
q221,rename-force,1,966.0427570343018,39 
q221,rename-force-top20,1,557.1022033691406,20 
q221,rename-force-500ms,1,525.5870819091797,19 
q196,bid,1,840.2948379516602,8 
q196,rename,1,766.7338848114014,8 
q196,rename-force,1,850.6510257720947,8 
q196,rename-force-top20,1,703.9098739624023,8 
q196,rename-force-500ms,1,528.1579494476318,7 
q98,bid,1,284.527063369751,21 
q98,rename,1,290.4829978942871,21 
q98,rename-force,1,312.92271614074707,21 
q98,rename-force-top20,1,276.33094787597656,20 
q98,rename-force-500ms,1,270.28608322143555,20 
q188,bid,1,678.5552501678467,1832 
q188,rename,1,389.8639678955078,1832 
q188,rename-force,1,376.5408992767334,1832 
q188,rename-force-top20,1,37.90998458862305,20 
q188,rename-force-500ms,1,36.57698631286621,20 
q86,bid,1,290.47083854675293,3 
q86,rename,1,314.55421447753906,3 
q86,rename-force,1,305.3767681121826,3 
q86,rename-force-top20,1,343.6007499694824,3 
q86,rename-force-500ms,1,285.88199615478516,3 
q184,bid,1,1942.148208618164,2389 
q184,rename,1,1662.5947952270508,2389 
q184,rename-force,1,1396.3589668273926,2389 
q184,rename-force-top20,1,47.022104263305664,20 
q184,rename-force-500ms,1,43.38407516479492,20 
q94,bid,1,736.457109451294,2577 
q94,rename,1,379.82177734375,2577 
q94,rename-force,1,381.2680244445801,2577 
q94,rename-force-top20,1,28.396129608154297,20 
q94,rename-force-500ms,1,36.14187240600586,20 
q7,bid,1,173.81978034973145,2 
q7,rename,1,169.51394081115723,2 
q7,rename-force,1,159.9440574645996,2 
q7,rename-force-top20,1,152.57596969604492,2 
q7,rename-force-500ms,1,148.43225479125977,2 
q205,bid,1,1447.5648403167725,5052 
q205,rename,1,725.3627777099609,5052 
q205,rename-force,1,738.9330863952637,5052 
q205,rename-force-top20,1,69.84496116638184,20 
q205,rename-force-500ms,1,72.22890853881836,20 
q217,bid,1,690.3610229492188,1635 
q217,rename,1,365.2067184448242,1635 
q217,rename-force,1,380.0041675567627,1635 
q217,rename-force-top20,1,33.85186195373535,20 
q217,rename-force-500ms,1,33.47492218017578,20 
q209,bid,1,1291.884183883667,59 
q209,rename,1,1280.8587551116943,59 
q209,rename-force,1,1243.0238723754883,59 
q209,rename-force-top20,1,575.5088329315186,20 
q209,rename-force-500ms,1,523.1602191925049,15 
q28,bid,1,4141.345977783203,2325 
q28,rename,1,3730.8309078216553,2325 
q28,rename-force,1,1748.2492923736572,2325 
q28,rename-force-top20,1,37.89806365966797,20 
q28,rename-force-500ms,1,46.195030212402344,20 
q126,bid,1,291.2929058074951,6 
q126,rename,1,291.8131351470947,6 
q126,rename-force,1,356.0597896575928,6 
q126,rename-force-top20,1,294.1429615020752,6 
q126,rename-force-500ms,1,276.22103691101074,6 
q55,bid,1,859.2000007629395,1065 
q55,rename,1,671.7398166656494,1065 
q55,rename-force,1,636.0881328582764,1065 
q55,rename-force-top20,1,48.85506629943848,20 
q55,rename-force-500ms,1,57.10196495056152,20 
q36,bid,1,520.0629234313965,715 
q36,rename,1,479.45427894592285,715 
q36,rename-force,1,422.3141670227051,715 
q36,rename-force-top20,1,42.984962463378906,20 
q36,rename-force-500ms,1,37.70184516906738,20 
q145,bid,1,477.6151180267334,613 
q145,rename,1,418.9441204071045,613 
q145,rename-force,1,383.91876220703125,613 
q145,rename-force-top20,1,38.41280937194824,20 
q145,rename-force-500ms,1,35.21609306335449,20 
q138,bid,1,294.17991638183594,27 
q138,rename,1,286.761999130249,27 
q138,rename-force,1,277.2800922393799,27 
q138,rename-force-top20,1,204.74505424499512,20 
q138,rename-force-500ms,1,230.31091690063477,20 
q149,bid,1,1002.5298595428467,1180 
q149,rename,1,921.7536449432373,1180 
q149,rename-force,1,817.559003829956,1180 
q149,rename-force-top20,1,49.51310157775879,20 
q149,rename-force-500ms,1,49.48782920837402,20 
q47,bid,1,3269.3052291870117,1995 
q47,rename,1,1226.9110679626465,1995 
q47,rename-force,1,1161.9298458099365,1995 
q47,rename-force-top20,1,43.06197166442871,20 
q47,rename-force-500ms,1,46.88262939453125,20 
q134,bid,1,816.5879249572754,2816 
q134,rename,1,388.85974884033203,2816 
q134,rename-force,1,391.3099765777588,2816 
q134,rename-force-top20,1,43.20478439331055,20 
q134,rename-force-500ms,1,29.79898452758789,20 
q157,bid,1,1285.9628200531006,53 
q157,rename,1,1267.6060199737549,53 
q157,rename-force,1,1165.2319431304932,53 
q157,rename-force-top20,1,260.6070041656494,20 
q157,rename-force-500ms,1,234.40837860107422,20 
q24,bid,1,150689.44883346558,517570 
q24,rename,1,76224.83897209167,517570 
q24,rename-force,1,78348.45614433289,517570 
q24,rename-force-top20,1,57.6777458190918,20 
q24,rename-force-500ms,1,52.28471755981445,20 
q59,bid,1,4339.376926422119,16259 
q59,rename,1,2536.051034927368,16259 
q59,rename-force,1,2182.8770637512207,16259 
q59,rename-force-top20,1,23.314952850341797,20 
q59,rename-force-500ms,1,23.743152618408203,20 
q102,bid,1,71240.80085754395,174116 
q102,rename,1,45126.4169216156,174116 
q102,rename-force,1,45916.04518890381,174116 
q102,rename-force-top20,1,3629.6451091766357,20 
q102,rename-force-500ms,1,531.0931205749512,0 
q71,bid,1,4496.703863143921,23127 
q71,rename,1,1110.0151538848877,23127 
q71,rename-force,1,1071.9399452209473,23127 
q71,rename-force-top20,1,21.871089935302734,20 
q71,rename-force-500ms,1,22.99809455871582,20 
q12,bid,1,4433.787822723389,22571 
q12,rename,1,1101.9539833068848,22571 
q12,rename-force,1,1084.4333171844482,22571 
q12,rename-force-top20,1,23.379087448120117,20 
q12,rename-force-500ms,1,25.571107864379883,20 
q161,bid,1,1980.466365814209,7414 
q161,rename,1,891.4089202880859,7414 
q161,rename-force,1,872.2097873687744,7414 
q161,rename-force-top20,1,57.80482292175293,20 
q161,rename-force-500ms,1,51.78499221801758,20 
q63,bid,1,111801.20277404785,391715 
q63,rename,1,59716.05682373047,391715 
q63,rename-force,1,57266.89910888672,391715 
q63,rename-force-top20,1,71.81596755981445,20 
q63,rename-force-500ms,1,70.89781761169434,20 
q110,bid,1,1794.8179244995117,9694 
q110,rename,1,354.57301139831543,9694 
q110,rename-force,1,381.7908763885498,9694 
q110,rename-force-top20,1,24.16086196899414,20 
q110,rename-force-500ms,1,23.756027221679688,20 
q173,bid,1,692.3058032989502,1899 
q173,rename,1,419.2850589752197,1899 
q173,rename-force,1,456.41303062438965,1899 
q173,rename-force-top20,1,26.919126510620117,20 
q173,rename-force-500ms,1,25.24399757385254,20 
q213,bid,1,2129.9471855163574,2413 
q213,rename,1,1408.83469581604,2413 
q213,rename-force,1,1254.9288272857666,2413 
q213,rename-force-top20,1,45.5021858215332,20 
q213,rename-force-500ms,1,44.699907302856445,20 
q3,bid,1,11995.730876922607,0 
q3,rename,1,12086.29298210144,0 
q3,rename-force,1,12226.896047592163,0 
q3,rename-force-top20,1,11940.633058547974,0 
q3,rename-force-500ms,1,530.7838916778564,0 
q201,bid,1,1158.803939819336,46 
q201,rename,1,1159.9071025848389,46 
q201,rename-force,1,1215.1751518249512,46 
q201,rename-force-top20,1,849.2579460144043,20 
q201,rename-force-500ms,1,524.7809886932373,13 
q180,bid,1,1013.9350891113281,19 
q180,rename,1,1075.437068939209,19 
q180,rename-force,1,945.8630084991455,19 
q180,rename-force-top20,1,912.0948314666748,19 
q180,rename-force-500ms,1,522.1199989318848,10 
q90,bid,1,1807.567834854126,9580 
q90,rename,1,412.58811950683594,9580 
q90,rename-force,1,371.56081199645996,9580 
q90,rename-force-top20,1,22.071123123168945,20 
q90,rename-force-500ms,1,21.233081817626953,20 
q192,bid,1,1084.8450660705566,58 
q192,rename,1,1139.5807266235352,58 
q192,rename-force,1,1063.9171600341797,58 
q192,rename-force-top20,1,234.94505882263184,20 
q192,rename-force-500ms,1,226.75013542175293,20 
q82,bid,1,82098.8380908966,243150 
q82,rename,1,48089.56432342529,243150 
q82,rename-force,1,48000.32711029053,243150 
q82,rename-force-top20,1,69.3509578704834,20 
q82,rename-force-500ms,1,69.47731971740723,20 
q1,bid,1,1036.4689826965332,4733 
q1,rename,1,221.98009490966797,4733 
q1,rename-force,1,206.59780502319336,4733 
q1,rename-force-top20,1,27.906179428100586,20 
q1,rename-force-500ms,1,24.39093589782715,20 
q203,bid,1,1885.970115661621,2451 
q203,rename,1,1778.5379886627197,2451 
q203,rename-force,1,1390.2630805969238,2451 
q203,rename-force-top20,1,70.64986228942871,20 
q203,rename-force-500ms,1,41.58473014831543,20 
q211,bid,1,1132.7900886535645,47 
q211,rename,1,1212.1162414550781,47 
q211,rename-force,1,1162.90283203125,47 
q211,rename-force-top20,1,716.0251140594482,20 
q211,rename-force-500ms,1,523.8890647888184,10 
q80,bid,1,1812.389850616455,9321 
q80,rename,1,375.6449222564697,9321 
q80,rename-force,1,383.20183753967285,9321 
q80,rename-force-top20,1,20.924806594848633,20 
q80,rename-force-500ms,1,26.098966598510742,20 
q190,bid,1,990.1649951934814,29 
q190,rename,1,967.9229259490967,29 
q190,rename-force,1,1016.9401168823242,29 
q190,rename-force-top20,1,342.4701690673828,20 
q190,rename-force-500ms,1,343.0347442626953,20 
q92,bid,1,37302.01697349548,64424 
q92,rename,1,28379.28795814514,64424 
q92,rename-force,1,28466.345071792603,64424 
q92,rename-force-top20,1,9889.204978942871,20 
q92,rename-force-500ms,1,529.4227600097656,0 
q182,bid,1,1095.7422256469727,65 
q182,rename,1,1074.6879577636719,65 
q182,rename-force,1,1038.546085357666,65 
q182,rename-force-top20,1,498.0289936065674,20 
q182,rename-force-500ms,1,468.68205070495605,20 
q155,bid,1,1155.8668613433838,34 
q155,rename,1,1244.6730136871338,34 
q155,rename-force,1,1097.6231098175049,34 
q155,rename-force-top20,1,561.4211559295654,20 
q155,rename-force-500ms,1,545.6838607788086,13 
q26,bid,1,505.2180290222168,491 
q26,rename,1,330.7230472564697,491 
q26,rename-force,1,433.20536613464355,491 
q26,rename-force-top20,1,49.989938735961914,20 
q26,rename-force-500ms,1,44.12269592285156,20 
q128,bid,1,291.4848327636719,20 
q128,rename,1,291.25308990478516,20 
q128,rename-force,1,265.29717445373535,20 
q128,rename-force-top20,1,269.4368362426758,20 
q128,rename-force-500ms,1,258.37016105651855,20 
q38,bid,1,4821.12717628479,2556 
q38,rename,1,3775.645971298218,2556 
q38,rename-force,1,1699.9437808990479,2556 
q38,rename-force-top20,1,44.508934020996094,20 
q38,rename-force-500ms,1,37.162065505981445,20 
q45,bid,1,466.63689613342285,573 
q45,rename,1,428.6060333251953,573 
q45,rename-force,1,383.64696502685547,573 
q45,rename-force-top20,1,41.422128677368164,20 
q45,rename-force-500ms,1,46.133995056152344,20 
q136,bid,1,523.7350463867188,3 
q136,rename,1,299.78227615356445,3 
q136,rename-force,1,299.4258403778076,3 
q136,rename-force-top20,1,277.68611907958984,3 
q136,rename-force-500ms,1,282.8090190887451,3 
q34,bid,1,55544.37780380249,192255 
q34,rename,1,28139.161109924316,192255 
q34,rename-force,1,29682.72614479065,192255 
q34,rename-force-top20,1,85.8619213104248,20 
q34,rename-force-500ms,1,80.43599128723145,20 
q147,bid,1,5016.584873199463,2783 
q147,rename,1,1845.6151485443115,2783 
q147,rename-force,1,2104.2370796203613,2783 
q147,rename-force-top20,1,59.543609619140625,20 
q147,rename-force-500ms,1,52.068233489990234,20 
q49,bid,1,6048.499822616577,24535 
q49,rename,1,4440.158843994141,24535 
q49,rename-force,1,2238.2287979125977,24535 
q49,rename-force-top20,1,31.435012817382812,20 
q49,rename-force-500ms,1,33.91408920288086,20 
q159,bid,1,1653.723955154419,2452 
q159,rename,1,1403.2340049743652,2452 
q159,rename-force,1,1474.073886871338,2452 
q159,rename-force-top20,1,48.98881912231445,20 
q159,rename-force-500ms,1,43.639183044433594,20 
q124,bid,1,814.0170574188232,2922 
q124,rename,1,361.95993423461914,2922 
q124,rename-force,1,378.99327278137207,2922 
q124,rename-force-top20,1,32.25111961364746,20 
q124,rename-force-500ms,1,33.284902572631836,20 
q57,bid,1,3838.465929031372,3388 
q57,rename,1,3328.4196853637695,3388 
q57,rename-force,1,2004.8089027404785,3388 
q57,rename-force-top20,1,66.33901596069336,20 
q57,rename-force-500ms,1,48.967838287353516,20 
q171,bid,1,1244.3320751190186,3690 
q171,rename,1,727.125883102417,3690 
q171,rename-force,1,706.4700126647949,3690 
q171,rename-force-top20,1,117.56277084350586,20 
q171,rename-force-500ms,1,118.06607246398926,20 
q61,bid,1,4479.60090637207,23303 
q61,rename,1,1194.5290565490723,23303 
q61,rename-force,1,1106.4939498901367,23303 
q61,rename-force-top20,1,20.699024200439453,20 
q61,rename-force-500ms,1,32.85574913024902,20 
q112,bid,1,106483.94274711609,284957 
q112,rename,1,65212.032079696655,284957 
q112,rename-force,1,67310.19401550293,284957 
q112,rename-force-top20,1,176.73420906066895,20 
q112,rename-force-500ms,1,169.6450710296631,20 
q10,bid,1,3794.3480014801025,15812 
q10,rename,1,2784.174919128418,15812 
q10,rename-force,1,2089.0698432922363,15812 
q10,rename-force-top20,1,24.991989135742188,20 
q10,rename-force-500ms,1,27.408123016357422,20 
q163,bid,1,724.1652011871338,1901 
q163,rename,1,503.4308433532715,1901 
q163,rename-force,1,441.26176834106445,1901 
q163,rename-force-top20,1,34.29770469665527,20 
q163,rename-force-500ms,1,35.063982009887695,20 
q100,bid,1,1817.4898624420166,10019 
q100,rename,1,740.6749725341797,10019 
q100,rename-force,1,387.7408504486084,10019 
q100,rename-force-top20,1,79.75125312805176,20 
q100,rename-force-500ms,1,23.258686065673828,20 
q73,bid,1,78051.79500579834,253197 
q73,rename,1,38590.42406082153,253197 
q73,rename-force,1,38666.49007797241,253197 
q73,rename-force-top20,1,45.05515098571777,20 
q73,rename-force-500ms,1,43.55978965759277,20 
